{
    "viaduct_25 reinforcing sleeve": {
        "image_auroc": 0.5436000227928162,
        "pixel_ap": 0.03240000084042549,
        "normal_count": 50.0,
        "anomaly_count": 11.0
    },
    "mpdd_bracket_white": {
        "image_auroc": 0.641700029373169,
        "pixel_ap": 0.001500000013038516,
        "normal_count": 30.0,
        "anomaly_count": 20.0
    },
    "viaduct_16 vibration sensor": {
        "image_auroc": 0.6990000009536743,
        "pixel_ap": 0.01979999989271164,
        "normal_count": 50.0,
        "anomaly_count": 20.0
    },
    "viaduct_43 paperclip": {
        "image_auroc": 0.5403000116348267,
        "pixel_ap": 0.06030000001192093,
        "normal_count": 110.0,
        "anomaly_count": 63.0
    },
    "viaduct_32 bone pliers": {
        "image_auroc": 0.4620000123977661,
        "pixel_ap": 0.0019000000320374966,
        "normal_count": 185.0,
        "anomaly_count": 63.0
    },
    "viaduct_38 round pill": {
        "image_auroc": 0.592199981212616,
        "pixel_ap": 0.24310000240802765,
        "normal_count": 50.0,
        "anomaly_count": 82.0
    },
    "viaduct_31 valve handle red": {
        "image_auroc": 0.6111000180244446,
        "pixel_ap": 0.0020000000949949026,
        "normal_count": 45.0,
        "anomaly_count": 16.0
    },
    "viaduct_44 tack": {
        "image_auroc": 0.38920000195503235,
        "pixel_ap": 0.01640000008046627,
        "normal_count": 160.0,
        "anomaly_count": 137.0
    },
    "real_iad_pcb": {
        "image_auroc": 0.5317000150680542,
        "pixel_ap": 0.0035000001080334187,
        "normal_count": 2711.0,
        "anomaly_count": 2279.0
    },
    "real_iad_mounts": {
        "image_auroc": 0.46309998631477356,
        "pixel_ap": 0.003000000026077032,
        "normal_count": 3702.0,
        "anomaly_count": 1328.0
    }
}