{
    "continual_ad_Cucumber": {
        "image_auroc": 0.682200014591217,
        "pixel_ap": 0.011800000444054604,
        "normal_count": 505.0,
        "anomaly_count": 507.0
    },
    "continual_ad_Spoon": {
        "image_auroc": 0.4025000035762787,
        "pixel_ap": 0.003599999938160181,
        "normal_count": 527.0,
        "anomaly_count": 517.0
    },
    "continual_ad_Apple": {
        "image_auroc": 0.5755000114440918,
        "pixel_ap": 0.021400000900030136,
        "normal_count": 490.0,
        "anomaly_count": 502.0
    },
    "continual_ad_Kleenex": {
        "image_auroc": 0.4551999866962433,
        "pixel_ap": 0.023600000888109207,
        "normal_count": 480.0,
        "anomaly_count": 519.0
    },
    "continual_ad_Glasses-case": {
        "image_auroc": 0.5724999904632568,
        "pixel_ap": 0.009200000204145908,
        "normal_count": 501.0,
        "anomaly_count": 549.0
    },
    "continual_ad_Toothbrush": {
        "image_auroc": 0.538100004196167,
        "pixel_ap": 0.008700000122189522,
        "normal_count": 500.0,
        "anomaly_count": 549.0
    },
    "continual_ad_Soap": {
        "image_auroc": 0.5472000241279602,
        "pixel_ap": 0.011800000444054604,
        "normal_count": 394.0,
        "anomaly_count": 787.0
    },
    "continual_ad_Notebook": {
        "image_auroc": 0.6229000091552734,
        "pixel_ap": 0.01940000057220459,
        "normal_count": 354.0,
        "anomaly_count": 513.0
    },
    "continual_ad_Capsule": {
        "image_auroc": 0.4999000132083893,
        "pixel_ap": 0.01889999955892563,
        "normal_count": 507.0,
        "anomaly_count": 493.0
    },
    "continual_ad_Sunglasses": {
        "image_auroc": 0.4429999887943268,
        "pixel_ap": 0.018200000748038292,
        "normal_count": 499.0,
        "anomaly_count": 572.0
    },
    "continual_ad_Pencil": {
        "image_auroc": 0.628600001335144,
        "pixel_ap": 0.004399999976158142,
        "normal_count": 518.0,
        "anomaly_count": 517.0
    },
    "continual_ad_Food-container": {
        "image_auroc": 0.5789999961853027,
        "pixel_ap": 0.022199999541044235,
        "normal_count": 520.0,
        "anomaly_count": 489.0
    },
    "continual_ad_Chopsticks": {
        "image_auroc": 0.4837999939918518,
        "pixel_ap": 0.008200000040233135,
        "normal_count": 488.0,
        "anomaly_count": 524.0
    },
    "continual_ad_Toy": {
        "image_auroc": 0.6553999781608582,
        "pixel_ap": 0.008100000210106373,
        "normal_count": 368.0,
        "anomaly_count": 492.0
    },
    "continual_ad_Multi-pen": {
        "image_auroc": 0.36559998989105225,
        "pixel_ap": 0.004900000058114529,
        "normal_count": 494.0,
        "anomaly_count": 492.0
    },
    "viaduct_09 joystick": {
        "image_auroc": 0.5860999822616577,
        "pixel_ap": 0.00430000014603138,
        "normal_count": 65.0,
        "anomaly_count": 41.0
    },
    "viaduct_01 shredded corn medium": {
        "image_auroc": 0.4494999945163727,
        "pixel_ap": 0.01080000028014183,
        "normal_count": 185.0,
        "anomaly_count": 95.0
    },
    "viaduct_46 damper small": {
        "image_auroc": 0.6880999803543091,
        "pixel_ap": 0.06210000067949295,
        "normal_count": 65.0,
        "anomaly_count": 48.0
    },
    "viaduct_18 raspberry": {
        "image_auroc": 0.6075000166893005,
        "pixel_ap": 0.0348999984562397,
        "normal_count": 170.0,
        "anomaly_count": 84.0
    },
    "viaduct_16 vibration sensor": {
        "image_auroc": 0.43299999833106995,
        "pixel_ap": 0.00419999985024333,
        "normal_count": 50.0,
        "anomaly_count": 20.0
    },
    "viaduct_36 redon needle": {
        "image_auroc": 0.4749999940395355,
        "pixel_ap": 0.010400000028312206,
        "normal_count": 180.0,
        "anomaly_count": 63.0
    },
    "viaduct_00 shredded corn rough": {
        "image_auroc": 0.5827000141143799,
        "pixel_ap": 0.024700000882148743,
        "normal_count": 80.0,
        "anomaly_count": 130.0
    },
    "viaduct_44 tack": {
        "image_auroc": 0.37560001015663147,
        "pixel_ap": 0.031700000166893005,
        "normal_count": 160.0,
        "anomaly_count": 137.0
    },
    "viaduct_06 coaxial t-adapter": {
        "image_auroc": 0.3353999853134155,
        "pixel_ap": 0.0017999999690800905,
        "normal_count": 105.0,
        "anomaly_count": 14.0
    },
    "viaduct_31 valve handle red": {
        "image_auroc": 0.579200029373169,
        "pixel_ap": 0.004100000020116568,
        "normal_count": 45.0,
        "anomaly_count": 16.0
    },
    "viaduct_04 battery tray": {
        "image_auroc": 0.4691999852657318,
        "pixel_ap": 0.002199999988079071,
        "normal_count": 65.0,
        "anomaly_count": 30.0
    },
    "viaduct_29 threaded fitting": {
        "image_auroc": 0.5525000095367432,
        "pixel_ap": 0.026000000536441803,
        "normal_count": 90.0,
        "anomaly_count": 62.0
    },
    "viaduct_03 3-pole socket housing": {
        "image_auroc": 0.5795999765396118,
        "pixel_ap": 0.030300000682473183,
        "normal_count": 110.0,
        "anomaly_count": 134.0
    },
    "viaduct_33 drill": {
        "image_auroc": 0.4120999872684479,
        "pixel_ap": 0.011300000362098217,
        "normal_count": 180.0,
        "anomaly_count": 138.0
    },
    "viaduct_15 terminal block B": {
        "image_auroc": 0.5307999849319458,
        "pixel_ap": 0.0052999998442828655,
        "normal_count": 65.0,
        "anomaly_count": 50.0
    },
    "viaduct_17 cherry": {
        "image_auroc": 0.567799985408783,
        "pixel_ap": 0.010900000110268593,
        "normal_count": 275.0,
        "anomaly_count": 112.0
    },
    "viaduct_21 cylinder screw": {
        "image_auroc": 0.3995000123977661,
        "pixel_ap": 0.003000000026077032,
        "normal_count": 180.0,
        "anomaly_count": 22.0
    },
    "viaduct_32 bone pliers": {
        "image_auroc": 0.5013999938964844,
        "pixel_ap": 0.005100000184029341,
        "normal_count": 185.0,
        "anomaly_count": 63.0
    },
    "viaduct_42 aluminium plate": {
        "image_auroc": 0.619700014591217,
        "pixel_ap": 0.008700000122189522,
        "normal_count": 20.0,
        "anomaly_count": 150.0
    },
    "viaduct_10 PCB": {
        "image_auroc": 0.4124000072479248,
        "pixel_ap": 0.0034000000450760126,
        "normal_count": 50.0,
        "anomaly_count": 45.0
    },
    "viaduct_19 strawberry": {
        "image_auroc": 0.6794000267982483,
        "pixel_ap": 0.02969999983906746,
        "normal_count": 175.0,
        "anomaly_count": 135.0
    },
    "viaduct_37 retractor": {
        "image_auroc": 0.49619999527931213,
        "pixel_ap": 0.023399999365210533,
        "normal_count": 180.0,
        "anomaly_count": 65.0
    },
    "viaduct_25 reinforcing sleeve": {
        "image_auroc": 0.5382000207901001,
        "pixel_ap": 0.015599999576807022,
        "normal_count": 50.0,
        "anomaly_count": 11.0
    },
    "viaduct_35 pink tablet": {
        "image_auroc": 0.6549999713897705,
        "pixel_ap": 0.08449999988079071,
        "normal_count": 50.0,
        "anomaly_count": 60.0
    },
    "btad_02": {
        "image_auroc": 0.44279998540878296,
        "pixel_ap": 0.1834000051021576,
        "normal_count": 30.0,
        "anomaly_count": 190.0
    },
    "mpdd_bracket_black": {
        "image_auroc": 0.3538999855518341,
        "pixel_ap": 0.004600000102072954,
        "normal_count": 32.0,
        "anomaly_count": 37.0
    },
    "mpdd_metal_plate": {
        "image_auroc": 0.3720000088214874,
        "pixel_ap": 0.11860000342130661,
        "normal_count": 26.0,
        "anomaly_count": 61.0
    },
    "mpdd_bracket_white": {
        "image_auroc": 0.7433000206947327,
        "pixel_ap": 0.0027000000700354576,
        "normal_count": 30.0,
        "anomaly_count": 20.0
    },