{
    "continual_ad_Cucumber": {
        "image_auroc": 0.54830002784729,
        "pixel_ap": 0.0034000000450760126,
        "normal_count": 505.0,
        "anomaly_count": 507.0
    },
    "continual_ad_Spoon": {
        "image_auroc": 0.4244000017642975,
        "pixel_ap": 0.004100000020116568,
        "normal_count": 527.0,
        "anomaly_count": 517.0
    },
    "continual_ad_Apple": {
        "image_auroc": 0.46299999952316284,
        "pixel_ap": 0.010499999858438969,
        "normal_count": 490.0,
        "anomaly_count": 502.0
    },
    "continual_ad_Kleenex": {
        "image_auroc": 0.4408000111579895,
        "pixel_ap": 0.023099999874830246,
        "normal_count": 480.0,
        "anomaly_count": 519.0
    },
    "continual_ad_Glasses-case": {
        "image_auroc": 0.4611000120639801,
        "pixel_ap": 0.004100000020116568,
        "normal_count": 501.0,
        "anomaly_count": 549.0
    },
    "continual_ad_Toothbrush": {
        "image_auroc": 0.4693000018596649,
        "pixel_ap": 0.00279999990016222,
        "normal_count": 500.0,
        "anomaly_count": 549.0
    },
    "continual_ad_Soap": {
        "image_auroc": 0.45829999446868896,
        "pixel_ap": 0.006000000052154064,
        "normal_count": 394.0,
        "anomaly_count": 787.0
    },
    "continual_ad_Notebook": {
        "image_auroc": 0.41269999742507935,
        "pixel_ap": 0.012799999676644802,
        "normal_count": 354.0,
        "anomaly_count": 513.0
    },
    "continual_ad_Capsule": {
        "image_auroc": 0.45820000767707825,
        "pixel_ap": 0.003100000089034438,
        "normal_count": 507.0,
        "anomaly_count": 493.0
    },
    "continual_ad_Sunglasses": {
        "image_auroc": 0.5577999949455261,
        "pixel_ap": 0.012400000356137753,
        "normal_count": 499.0,
        "anomaly_count": 572.0
    },
    "continual_ad_Pencil": {
        "image_auroc": 0.5453000068664551,
        "pixel_ap": 0.0017999999690800905,
        "normal_count": 518.0,
        "anomaly_count": 517.0
    },
    "continual_ad_Food-container": {
        "image_auroc": 0.6258999705314636,
        "pixel_ap": 0.023099999874830246,
        "normal_count": 520.0,
        "anomaly_count": 489.0
    },
    "continual_ad_Chopsticks": {
        "image_auroc": 0.460099995136261,
        "pixel_ap": 0.007000000216066837,
        "normal_count": 488.0,
        "anomaly_count": 524.0
    },
    "continual_ad_Toy": {
        "image_auroc": 0.6850000023841858,
        "pixel_ap": 0.002899999963119626,
        "normal_count": 368.0,
        "anomaly_count": 492.0
    },
    "continual_ad_Multi-pen": {
        "image_auroc": 0.3962000012397766,
        "pixel_ap": 0.003800000064074993,
        "normal_count": 494.0,
        "anomaly_count": 492.0
    },
    "viaduct_09 joystick": {
        "image_auroc": 0.6146000027656555,
        "pixel_ap": 0.003800000064074993,
        "normal_count": 65.0,
        "anomaly_count": 41.0
    },
    "viaduct_01 shredded corn medium": {
        "image_auroc": 0.5198000073432922,
        "pixel_ap": 0.013799999840557575,
        "normal_count": 185.0,
        "anomaly_count": 95.0
    },
    "viaduct_46 damper small": {
        "image_auroc": 0.7275999784469604,
        "pixel_ap": 0.014600000344216824,
        "normal_count": 65.0,
        "anomaly_count": 48.0
    },
    "viaduct_18 raspberry": {
        "image_auroc": 0.6126999855041504,
        "pixel_ap": 0.018400000408291817,
        "normal_count": 170.0,
        "anomaly_count": 84.0
    },
    "viaduct_16 vibration sensor": {
        "image_auroc": 0.5230000019073486,
        "pixel_ap": 0.0026000000070780516,
        "normal_count": 50.0,
        "anomaly_count": 20.0
    },
    "viaduct_36 redon needle": {
        "image_auroc": 0.4609000086784363,
        "pixel_ap": 0.0005000000237487257,
        "normal_count": 180.0,
        "anomaly_count": 63.0
    },
    "viaduct_00 shredded corn rough": {
        "image_auroc": 0.6191999912261963,
        "pixel_ap": 0.04270000010728836,
        "normal_count": 80.0,
        "anomaly_count": 130.0
    },
    "viaduct_44 tack": {
        "image_auroc": 0.4869000017642975,
        "pixel_ap": 0.00570000009611249,
        "normal_count": 160.0,
        "anomaly_count": 137.0
    },
    "viaduct_06 coaxial t-adapter": {
        "image_auroc": 0.2863999903202057,
        "pixel_ap": 0.0012000000569969416,
        "normal_count": 105.0,
        "anomaly_count": 14.0
    },
    "viaduct_31 valve handle red": {
        "image_auroc": 0.45559999346733093,
        "pixel_ap": 0.0008999999845400453,
        "normal_count": 45.0,
        "anomaly_count": 16.0
    },
    "viaduct_04 battery tray": {
        "image_auroc": 0.49900001287460327,
        "pixel_ap": 0.001500000013038516,
        "normal_count": 65.0,
        "anomaly_count": 30.0
    },
    "viaduct_29 threaded fitting": {
        "image_auroc": 0.5196999907493591,
        "pixel_ap": 0.0031999999191612005,
        "normal_count": 90.0,
        "anomaly_count": 62.0
    },
    "viaduct_03 3-pole socket housing": {
        "image_auroc": 0.5737000107765198,
        "pixel_ap": 0.01209999993443489,
        "normal_count": 110.0,
        "anomaly_count": 134.0
    },
    "viaduct_33 drill": {
        "image_auroc": 0.5218999981880188,
        "pixel_ap": 0.0007999999797903001,
        "normal_count": 180.0,
        "anomaly_count": 138.0
    },
    "viaduct_15 terminal block B": {
        "image_auroc": 0.5126000046730042,
        "pixel_ap": 0.0031999999191612005,
        "normal_count": 65.0,
        "anomaly_count": 50.0
    },
    "viaduct_17 cherry": {
        "image_auroc": 0.5270000100135803,
        "pixel_ap": 0.0012000000569969416,
        "normal_count": 275.0,
        "anomaly_count": 112.0
    },
    "viaduct_21 cylinder screw": {
        "image_auroc": 0.29820001125335693,
        "pixel_ap": 0.0007999999797903001,
        "normal_count": 180.0,
        "anomaly_count": 22.0
    },
    "viaduct_32 bone pliers": {
        "image_auroc": 0.46389999985694885,
        "pixel_ap": 0.0005000000237487257,
        "normal_count": 185.0,
        "anomaly_count": 63.0
    },
    "viaduct_42 aluminium plate": {
        "image_auroc": 0.5759999752044678,
        "pixel_ap": 0.010400000028312206,
        "normal_count": 20.0,
        "anomaly_count": 150.0
    },
    "viaduct_10 PCB": {
        "image_auroc": 0.43560001254081726,
        "pixel_ap": 0.0010999999940395355,
        "normal_count": 50.0,
        "anomaly_count": 45.0
    },
    "viaduct_19 strawberry": {
        "image_auroc": 0.6804999709129333,
        "pixel_ap": 0.030300000682473183,
        "normal_count": 175.0,
        "anomaly_count": 135.0
    },
    "viaduct_37 retractor": {
        "image_auroc": 0.5442000031471252,
        "pixel_ap": 0.002899999963119626,
        "normal_count": 180.0,
        "anomaly_count": 65.0
    },
    "viaduct_25 reinforcing sleeve": {
        "image_auroc": 0.5199999809265137,
        "pixel_ap": 0.0010000000474974513,
        "normal_count": 50.0,
        "anomaly_count": 11.0
    },
    "viaduct_35 pink tablet": {
        "image_auroc": 0.5536999702453613,
        "pixel_ap": 0.0406000018119812,
        "normal_count": 50.0,
        "anomaly_count": 60.0
    },
    "btad_02": {
        "image_auroc": 0.4214000105857849,
        "pixel_ap": 0.06599999964237213,
        "normal_count": 30.0,
        "anomaly_count": 190.0
    },
    "mpdd_bracket_black": {
        "image_auroc": 0.41130000352859497,
        "pixel_ap": 0.002199999988079071,
        "normal_count": 32.0,
        "anomaly_count": 37.0
    },
    "mpdd_metal_plate": {
        "image_auroc": 0.446399986743927,
        "pixel_ap": 0.11599999666213989,
        "normal_count": 26.0,
        "anomaly_count": 61.0
    },
    "mpdd_bracket_white": {
        "image_auroc": 0.218299999833107,
        "pixel_ap": 0.0027000000700354576,
        "normal_count": 30.0,
        "anomaly_count": 20.0
    },