{
    "continual_ad_Cucumber": {
        "image_auroc": 0.4375999867916107,
        "pixel_ap": 0.00279999990016222,
        "normal_count": 505.0,
        "anomaly_count": 507.0
    },
    "continual_ad_Spoon": {
        "image_auroc": 0.35920000076293945,
        "pixel_ap": 0.0032999999821186066,
        "normal_count": 527.0,
        "anomaly_count": 517.0
    },
    "continual_ad_Apple": {
        "image_auroc": 0.3215000033378601,
        "pixel_ap": 0.007600000128149986,
        "normal_count": 490.0,
        "anomaly_count": 502.0
    },
    "continual_ad_Kleenex": {
        "image_auroc": 0.2881999909877777,
        "pixel_ap": 0.012799999676644802,
        "normal_count": 480.0,
        "anomaly_count": 519.0
    },
    "continual_ad_Glasses-case": {
        "image_auroc": 0.4864000082015991,
        "pixel_ap": 0.002400000113993883,
        "normal_count": 501.0,
        "anomaly_count": 549.0
    },
    "continual_ad_Toothbrush": {
        "image_auroc": 0.3560999929904938,
        "pixel_ap": 0.002300000051036477,
        "normal_count": 500.0,
        "anomaly_count": 549.0
    },
    "continual_ad_Soap": {
        "image_auroc": 0.5291000008583069,
        "pixel_ap": 0.004699999932199717,
        "normal_count": 394.0,
        "anomaly_count": 787.0
    },
    "continual_ad_Notebook": {
        "image_auroc": 0.7317000031471252,
        "pixel_ap": 0.017899999395012856,
        "normal_count": 354.0,
        "anomaly_count": 513.0
    },
    "continual_ad_Capsule": {
        "image_auroc": 0.4697999954223633,
        "pixel_ap": 0.00139999995008111,
        "normal_count": 507.0,
        "anomaly_count": 493.0
    },
    "continual_ad_Sunglasses": {
        "image_auroc": 0.6538000106811523,
        "pixel_ap": 0.011699999682605267,
        "normal_count": 499.0,
        "anomaly_count": 572.0
    },
    "continual_ad_Pencil": {
        "image_auroc": 0.5199000239372253,
        "pixel_ap": 0.0017000000225380063,
        "normal_count": 518.0,
        "anomaly_count": 517.0
    },
    "continual_ad_Food-container": {
        "image_auroc": 0.6195999979972839,
        "pixel_ap": 0.012299999594688416,
        "normal_count": 520.0,
        "anomaly_count": 489.0
    },
    "continual_ad_Chopsticks": {
        "image_auroc": 0.3944000005722046,
        "pixel_ap": 0.006200000178068876,
        "normal_count": 488.0,
        "anomaly_count": 524.0
    },
    "continual_ad_Toy": {
        "image_auroc": 0.734000027179718,
        "pixel_ap": 0.0026000000070780516,
        "normal_count": 368.0,
        "anomaly_count": 492.0
    },
    "continual_ad_Multi-pen": {
        "image_auroc": 0.31439998745918274,
        "pixel_ap": 0.0035000001080334187,
        "normal_count": 494.0,
        "anomaly_count": 492.0
    },
    "viaduct_09 joystick": {
        "image_auroc": 0.4551999866962433,
        "pixel_ap": 0.002300000051036477,
        "normal_count": 65.0,
        "anomaly_count": 41.0
    },
    "viaduct_01 shredded corn medium": {
        "image_auroc": 0.567799985408783,
        "pixel_ap": 0.010400000028312206,
        "normal_count": 185.0,
        "anomaly_count": 95.0
    },
    "viaduct_46 damper small": {
        "image_auroc": 0.47850000858306885,
        "pixel_ap": 0.002199999988079071,
        "normal_count": 65.0,
        "anomaly_count": 48.0
    },
    "viaduct_18 raspberry": {
        "image_auroc": 0.6252999901771545,
        "pixel_ap": 0.020999999716877937,
        "normal_count": 170.0,
        "anomaly_count": 84.0
    },
    "viaduct_16 vibration sensor": {
        "image_auroc": 0.4259999990463257,
        "pixel_ap": 0.0020000000949949026,
        "normal_count": 50.0,
        "anomaly_count": 20.0
    },
    "viaduct_36 redon needle": {
        "image_auroc": 0.4408000111579895,
        "pixel_ap": 0.0003000000142492354,
        "normal_count": 180.0,
        "anomaly_count": 63.0
    },
    "viaduct_00 shredded corn rough": {
        "image_auroc": 0.6039000153541565,
        "pixel_ap": 0.04230000078678131,
        "normal_count": 80.0,
        "anomaly_count": 130.0
    },
    "viaduct_44 tack": {
        "image_auroc": 0.5001999735832214,
        "pixel_ap": 0.002099999925121665,
        "normal_count": 160.0,
        "anomaly_count": 137.0
    },
    "viaduct_06 coaxial t-adapter": {
        "image_auroc": 0.4788999855518341,
        "pixel_ap": 0.001500000013038516,
        "normal_count": 105.0,
        "anomaly_count": 14.0
    },
    "viaduct_31 valve handle red": {
        "image_auroc": 0.5221999883651733,
        "pixel_ap": 0.00039999998989515007,
        "normal_count": 45.0,
        "anomaly_count": 16.0
    },
    "viaduct_04 battery tray": {
        "image_auroc": 0.5759000182151794,
        "pixel_ap": 0.0008999999845400453,
        "normal_count": 65.0,
        "anomaly_count": 30.0
    },
    "viaduct_29 threaded fitting": {
        "image_auroc": 0.43529999256134033,
        "pixel_ap": 0.0008999999845400453,
        "normal_count": 90.0,
        "anomaly_count": 62.0
    },
    "viaduct_03 3-pole socket housing": {
        "image_auroc": 0.39570000767707825,
        "pixel_ap": 0.00989999994635582,
        "normal_count": 110.0,
        "anomaly_count": 134.0
    },
    "viaduct_33 drill": {
        "image_auroc": 0.5228999853134155,
        "pixel_ap": 0.0005000000237487257,
        "normal_count": 180.0,
        "anomaly_count": 138.0
    },
    "viaduct_15 terminal block B": {
        "image_auroc": 0.49570000171661377,
        "pixel_ap": 0.002199999988079071,
        "normal_count": 65.0,
        "anomaly_count": 50.0
    },
    "viaduct_17 cherry": {
        "image_auroc": 0.58160001039505,
        "pixel_ap": 0.0010000000474974513,
        "normal_count": 275.0,
        "anomaly_count": 112.0
    },
    "viaduct_21 cylinder screw": {
        "image_auroc": 0.5178999900817871,
        "pixel_ap": 0.0017000000225380063,
        "normal_count": 180.0,
        "anomaly_count": 22.0
    },
    "viaduct_32 bone pliers": {
        "image_auroc": 0.5241000056266785,
        "pixel_ap": 0.00039999998989515007,
        "normal_count": 185.0,
        "anomaly_count": 63.0
    },
    "viaduct_42 aluminium plate": {
        "image_auroc": 0.5116999745368958,
        "pixel_ap": 0.005799999926239252,
        "normal_count": 20.0,
        "anomaly_count": 150.0
    },
    "viaduct_10 PCB": {
        "image_auroc": 0.36399999260902405,
        "pixel_ap": 0.0007999999797903001,
        "normal_count": 50.0,
        "anomaly_count": 45.0
    },
    "viaduct_19 strawberry": {
        "image_auroc": 0.5504999756813049,
        "pixel_ap": 0.07500000298023224,
        "normal_count": 175.0,
        "anomaly_count": 135.0
    },
    "viaduct_37 retractor": {
        "image_auroc": 0.477400004863739,
        "pixel_ap": 0.0010000000474974513,
        "normal_count": 180.0,
        "anomaly_count": 65.0
    },
    "viaduct_25 reinforcing sleeve": {
        "image_auroc": 0.5873000025749207,
        "pixel_ap": 0.000699999975040555,
        "normal_count": 50.0,
        "anomaly_count": 11.0
    },
    "viaduct_35 pink tablet": {
        "image_auroc": 0.6596999764442444,
        "pixel_ap": 0.02160000056028366,
        "normal_count": 50.0,
        "anomaly_count": 60.0
    },
    "btad_02": {
        "image_auroc": 0.49320000410079956,
        "pixel_ap": 0.12919999659061432,
        "normal_count": 30.0,
        "anomaly_count": 190.0
    },
    "mpdd_bracket_black": {
        "image_auroc": 0.6115000247955322,
        "pixel_ap": 0.0008999999845400453,
        "normal_count": 32.0,
        "anomaly_count": 37.0
    },
    "mpdd_metal_plate": {
        "image_auroc": 0.574400007724762,
        "pixel_ap": 0.09740000218153,
        "normal_count": 26.0,
        "anomaly_count": 61.0
    },
    "mpdd_bracket_white": {
        "image_auroc": 0.5133000016212463,
        "pixel_ap": 0.0006000000284984708,
        "normal_count": 30.0,
        "anomaly_count": 20.0
    },