{
    "continual_ad_Cucumber": {
        "image_auroc": 0.6061999797821045,
        "pixel_ap": 0.010599999688565731,
        "normal_count": 505.0,
        "anomaly_count": 507.0
    },
    "continual_ad_Spoon": {
        "image_auroc": 0.5649999976158142,
        "pixel_ap": 0.003599999938160181,
        "normal_count": 527.0,
        "anomaly_count": 517.0
    },
    "continual_ad_Apple": {
        "image_auroc": 0.5551000237464905,
        "pixel_ap": 0.04259999841451645,
        "normal_count": 490.0,
        "anomaly_count": 502.0
    },
    "continual_ad_Kleenex": {
        "image_auroc": 0.43810001015663147,
        "pixel_ap": 0.02160000056028366,
        "normal_count": 480.0,
        "anomaly_count": 519.0
    },
    "continual_ad_Glasses-case": {
        "image_auroc": 0.5246000289916992,
        "pixel_ap": 0.006399999838322401,
        "normal_count": 501.0,
        "anomaly_count": 549.0
    },
    "continual_ad_Toothbrush": {
        "image_auroc": 0.6777999997138977,
        "pixel_ap": 0.006500000134110451,
        "normal_count": 500.0,
        "anomaly_count": 549.0
    },
    "continual_ad_Soap": {
        "image_auroc": 0.4625000059604645,
        "pixel_ap": 0.012400000356137753,
        "normal_count": 394.0,
        "anomaly_count": 787.0
    },
    "continual_ad_Notebook": {
        "image_auroc": 0.49540001153945923,
        "pixel_ap": 0.0348999984562397,
        "normal_count": 354.0,
        "anomaly_count": 513.0
    },
    "continual_ad_Capsule": {
        "image_auroc": 0.5940999984741211,
        "pixel_ap": 0.013000000268220901,
        "normal_count": 507.0,
        "anomaly_count": 493.0
    },
    "continual_ad_Sunglasses": {
        "image_auroc": 0.6367999911308289,
        "pixel_ap": 0.06499999761581421,
        "normal_count": 499.0,
        "anomaly_count": 572.0
    },
    "continual_ad_Pencil": {
        "image_auroc": 0.8030999898910522,
        "pixel_ap": 0.004900000058114529,
        "normal_count": 518.0,
        "anomaly_count": 517.0
    },
    "continual_ad_Food-container": {
        "image_auroc": 0.695900022983551,
        "pixel_ap": 0.039400000125169754,
        "normal_count": 520.0,
        "anomaly_count": 489.0
    },
    "continual_ad_Chopsticks": {
        "image_auroc": 0.6018000245094299,
        "pixel_ap": 0.008500000461935997,
        "normal_count": 488.0,
        "anomaly_count": 524.0
    },
    "continual_ad_Toy": {
        "image_auroc": 0.7383999824523926,
        "pixel_ap": 0.00839999970048666,
        "normal_count": 368.0,
        "anomaly_count": 492.0
    },
    "continual_ad_Multi-pen": {
        "image_auroc": 0.6442999839782715,
        "pixel_ap": 0.008200000040233135,
        "normal_count": 494.0,
        "anomaly_count": 492.0
    },
    "viaduct_09 joystick": {
        "image_auroc": 0.3831000030040741,
        "pixel_ap": 0.002199999988079071,
        "normal_count": 65.0,
        "anomaly_count": 41.0
    },
    "viaduct_01 shredded corn medium": {
        "image_auroc": 0.5613999962806702,
        "pixel_ap": 0.04430000111460686,
        "normal_count": 185.0,
        "anomaly_count": 95.0
    },
    "viaduct_46 damper small": {
        "image_auroc": 0.37049999833106995,
        "pixel_ap": 0.005400000140070915,
        "normal_count": 65.0,
        "anomaly_count": 48.0
    },
    "viaduct_18 raspberry": {
        "image_auroc": 0.6165000200271606,
        "pixel_ap": 0.024299999698996544,
        "normal_count": 170.0,
        "anomaly_count": 84.0
    },
    "viaduct_16 vibration sensor": {
        "image_auroc": 0.36399999260902405,
        "pixel_ap": 0.0017000000225380063,
        "normal_count": 50.0,
        "anomaly_count": 20.0
    },
    "viaduct_36 redon needle": {
        "image_auroc": 0.6671000123023987,
        "pixel_ap": 0.0006000000284984708,
        "normal_count": 180.0,
        "anomaly_count": 63.0
    },
    "viaduct_00 shredded corn rough": {
        "image_auroc": 0.6190000176429749,
        "pixel_ap": 0.07859999686479568,
        "normal_count": 80.0,
        "anomaly_count": 130.0
    },
    "viaduct_44 tack": {
        "image_auroc": 0.49160000681877136,
        "pixel_ap": 0.008299999870359898,
        "normal_count": 160.0,
        "anomaly_count": 137.0
    },
    "viaduct_06 coaxial t-adapter": {
        "image_auroc": 0.6625999808311462,
        "pixel_ap": 0.048900000751018524,
        "normal_count": 105.0,
        "anomaly_count": 14.0
    },
    "viaduct_31 valve handle red": {
        "image_auroc": 0.52920001745224,
        "pixel_ap": 0.00139999995008111,
        "normal_count": 45.0,
        "anomaly_count": 16.0
    },
    "viaduct_04 battery tray": {
        "image_auroc": 0.5281999707221985,
        "pixel_ap": 0.0013000000035390258,
        "normal_count": 65.0,
        "anomaly_count": 30.0
    },
    "viaduct_29 threaded fitting": {
        "image_auroc": 0.48570001125335693,
        "pixel_ap": 0.002899999963119626,
        "normal_count": 90.0,
        "anomaly_count": 62.0
    },
    "viaduct_03 3-pole socket housing": {
        "image_auroc": 0.421999990940094,
        "pixel_ap": 0.012600000016391277,
        "normal_count": 110.0,
        "anomaly_count": 134.0
    },
    "viaduct_33 drill": {
        "image_auroc": 0.6186000108718872,
        "pixel_ap": 0.0013000000035390258,
        "normal_count": 180.0,
        "anomaly_count": 138.0
    },
    "viaduct_15 terminal block B": {
        "image_auroc": 0.48919999599456787,
        "pixel_ap": 0.003599999938160181,
        "normal_count": 65.0,
        "anomaly_count": 50.0
    },
    "viaduct_17 cherry": {
        "image_auroc": 0.5742999911308289,
        "pixel_ap": 0.0019000000320374966,
        "normal_count": 275.0,
        "anomaly_count": 112.0
    },
    "viaduct_21 cylinder screw": {
        "image_auroc": 0.7459999918937683,
        "pixel_ap": 0.01600000075995922,
        "normal_count": 180.0,
        "anomaly_count": 22.0
    },
    "viaduct_32 bone pliers": {
        "image_auroc": 0.46799999475479126,
        "pixel_ap": 0.0012000000569969416,
        "normal_count": 185.0,
        "anomaly_count": 63.0
    },
    "viaduct_42 aluminium plate": {
        "image_auroc": 0.6503000259399414,
        "pixel_ap": 0.013799999840557575,
        "normal_count": 20.0,
        "anomaly_count": 150.0
    },
    "viaduct_10 PCB": {
        "image_auroc": 0.4172999858856201,
        "pixel_ap": 0.0017000000225380063,
        "normal_count": 50.0,
        "anomaly_count": 45.0
    },
    "viaduct_19 strawberry": {
        "image_auroc": 0.42329999804496765,
        "pixel_ap": 0.06080000102519989,
        "normal_count": 175.0,
        "anomaly_count": 135.0
    },
    "viaduct_37 retractor": {
        "image_auroc": 0.5006999969482422,
        "pixel_ap": 0.001500000013038516,
        "normal_count": 180.0,
        "anomaly_count": 65.0
    },
    "viaduct_25 reinforcing sleeve": {
        "image_auroc": 0.5909000039100647,
        "pixel_ap": 0.006000000052154064,
        "normal_count": 50.0,
        "anomaly_count": 11.0
    },
    "viaduct_35 pink tablet": {
        "image_auroc": 0.4456999897956848,
        "pixel_ap": 0.022299999371170998,
        "normal_count": 50.0,
        "anomaly_count": 60.0
    },
    "btad_02": {
        "image_auroc": 0.6245999932289124,
        "pixel_ap": 0.4560000002384186,
        "normal_count": 30.0,
        "anomaly_count": 190.0
    },
    "mpdd_bracket_black": {
        "image_auroc": 0.5726000070571899,
        "pixel_ap": 0.0020000000949949026,
        "normal_count": 32.0,
        "anomaly_count": 37.0
    },
    "mpdd_metal_plate": {
        "image_auroc": 0.8952999711036682,
        "pixel_ap": 0.2037999927997589,
        "normal_count": 26.0,
        "anomaly_count": 61.0
    },
    "mpdd_bracket_white": {
        "image_auroc": 0.353300005197525,
        "pixel_ap": 0.0024999999441206455,
        "normal_count": 30.0,
        "anomaly_count": 20.0
    },