{
    "continual_ad_Cucumber": {
        "image_auroc": 0.4729999899864197,
        "pixel_ap": 0.007699999958276749,
        "normal_count": 505.0,
        "anomaly_count": 507.0
    },
    "continual_ad_Spoon": {
        "image_auroc": 0.5131999850273132,
        "pixel_ap": 0.0044999998062849045,
        "normal_count": 527.0,
        "anomaly_count": 517.0
    },
    "continual_ad_Apple": {
        "image_auroc": 0.4081000089645386,
        "pixel_ap": 0.016599999740719795,
        "normal_count": 490.0,
        "anomaly_count": 502.0
    },
    "continual_ad_Kleenex": {
        "image_auroc": 0.4287000000476837,
        "pixel_ap": 0.01850000023841858,
        "normal_count": 480.0,
        "anomaly_count": 519.0
    },
    "continual_ad_Glasses-case": {
        "image_auroc": 0.41029998660087585,
        "pixel_ap": 0.0035000001080334187,
        "normal_count": 501.0,
        "anomaly_count": 549.0
    },
    "continual_ad_Toothbrush": {
        "image_auroc": 0.3276999890804291,
        "pixel_ap": 0.003100000089034438,
        "normal_count": 500.0,
        "anomaly_count": 549.0
    },
    "continual_ad_Soap": {
        "image_auroc": 0.5045999884605408,
        "pixel_ap": 0.004699999932199717,
        "normal_count": 394.0,
        "anomaly_count": 787.0
    },
    "continual_ad_Notebook": {
        "image_auroc": 0.4839000105857849,
        "pixel_ap": 0.019500000402331352,
        "normal_count": 354.0,
        "anomaly_count": 513.0
    },
    "continual_ad_Capsule": {
        "image_auroc": 0.4147999882698059,
        "pixel_ap": 0.002300000051036477,
        "normal_count": 507.0,
        "anomaly_count": 493.0
    },
    "continual_ad_Sunglasses": {
        "image_auroc": 0.5214999914169312,
        "pixel_ap": 0.037700001150369644,
        "normal_count": 499.0,
        "anomaly_count": 572.0
    },
    "continual_ad_Pencil": {
        "image_auroc": 0.5350000262260437,
        "pixel_ap": 0.002199999988079071,
        "normal_count": 518.0,
        "anomaly_count": 517.0
    },
    "continual_ad_Food-container": {
        "image_auroc": 0.43939998745918274,
        "pixel_ap": 0.02160000056028366,
        "normal_count": 520.0,
        "anomaly_count": 489.0
    },
    "continual_ad_Chopsticks": {
        "image_auroc": 0.35440000891685486,
        "pixel_ap": 0.007199999876320362,
        "normal_count": 488.0,
        "anomaly_count": 524.0
    },
    "continual_ad_Toy": {
        "image_auroc": 0.7020999789237976,
        "pixel_ap": 0.004900000058114529,
        "normal_count": 368.0,
        "anomaly_count": 492.0
    },
    "continual_ad_Multi-pen": {
        "image_auroc": 0.45100000500679016,
        "pixel_ap": 0.005200000014156103,
        "normal_count": 494.0,
        "anomaly_count": 492.0
    },
    "viaduct_09 joystick": {
        "image_auroc": 0.2720000147819519,
        "pixel_ap": 0.00419999985024333,
        "normal_count": 65.0,
        "anomaly_count": 41.0
    },
    "viaduct_01 shredded corn medium": {
        "image_auroc": 0.5967000126838684,
        "pixel_ap": 0.014399999752640724,
        "normal_count": 185.0,
        "anomaly_count": 95.0
    },
    "viaduct_46 damper small": {
        "image_auroc": 0.4471000134944916,
        "pixel_ap": 0.004399999976158142,
        "normal_count": 65.0,
        "anomaly_count": 48.0
    },
    "viaduct_18 raspberry": {
        "image_auroc": 0.6345000267028809,
        "pixel_ap": 0.03269999846816063,
        "normal_count": 170.0,
        "anomaly_count": 84.0
    },
    "viaduct_16 vibration sensor": {
        "image_auroc": 0.26499998569488525,
        "pixel_ap": 0.002300000051036477,
        "normal_count": 50.0,
        "anomaly_count": 20.0
    },
    "viaduct_36 redon needle": {
        "image_auroc": 0.398499995470047,
        "pixel_ap": 0.0010999999940395355,
        "normal_count": 180.0,
        "anomaly_count": 63.0
    },
    "viaduct_00 shredded corn rough": {
        "image_auroc": 0.5612000226974487,
        "pixel_ap": 0.05559999868273735,
        "normal_count": 80.0,
        "anomaly_count": 130.0
    },
    "viaduct_44 tack": {
        "image_auroc": 0.5245000123977661,
        "pixel_ap": 0.006899999920278788,
        "normal_count": 160.0,
        "anomaly_count": 137.0
    },
    "viaduct_06 coaxial t-adapter": {
        "image_auroc": 0.6272000074386597,
        "pixel_ap": 0.009100000374019146,
        "normal_count": 105.0,
        "anomaly_count": 14.0
    },
    "viaduct_31 valve handle red": {
        "image_auroc": 0.47920000553131104,
        "pixel_ap": 0.0012000000569969416,
        "normal_count": 45.0,
        "anomaly_count": 16.0
    },
    "viaduct_04 battery tray": {
        "image_auroc": 0.559499979019165,
        "pixel_ap": 0.0012000000569969416,
        "normal_count": 65.0,
        "anomaly_count": 30.0
    },
    "viaduct_29 threaded fitting": {
        "image_auroc": 0.45969998836517334,
        "pixel_ap": 0.0020000000949949026,
        "normal_count": 90.0,
        "anomaly_count": 62.0
    },
    "viaduct_03 3-pole socket housing": {
        "image_auroc": 0.4000999927520752,
        "pixel_ap": 0.01119999960064888,
        "normal_count": 110.0,
        "anomaly_count": 134.0
    },
    "viaduct_33 drill": {
        "image_auroc": 0.5454999804496765,
        "pixel_ap": 0.0010000000474974513,
        "normal_count": 180.0,
        "anomaly_count": 138.0
    },
    "viaduct_15 terminal block B": {
        "image_auroc": 0.4880000054836273,
        "pixel_ap": 0.002899999963119626,
        "normal_count": 65.0,
        "anomaly_count": 50.0
    },
    "viaduct_17 cherry": {
        "image_auroc": 0.600600004196167,
        "pixel_ap": 0.002300000051036477,
        "normal_count": 275.0,
        "anomaly_count": 112.0
    },
    "viaduct_21 cylinder screw": {
        "image_auroc": 0.6879000067710876,
        "pixel_ap": 0.0038999998942017555,
        "normal_count": 180.0,
        "anomaly_count": 22.0
    },
    "viaduct_32 bone pliers": {
        "image_auroc": 0.5529000163078308,
        "pixel_ap": 0.0015999999595806003,
        "normal_count": 185.0,
        "anomaly_count": 63.0
    },
    "viaduct_42 aluminium plate": {
        "image_auroc": 0.43700000643730164,
        "pixel_ap": 0.009100000374019146,
        "normal_count": 20.0,
        "anomaly_count": 150.0
    },
    "viaduct_10 PCB": {
        "image_auroc": 0.46309998631477356,
        "pixel_ap": 0.002099999925121665,
        "normal_count": 50.0,
        "anomaly_count": 45.0
    },
    "viaduct_19 strawberry": {
        "image_auroc": 0.37610000371932983,
        "pixel_ap": 0.0738999992609024,
        "normal_count": 175.0,
        "anomaly_count": 135.0
    },
    "viaduct_37 retractor": {
        "image_auroc": 0.47679999470710754,
        "pixel_ap": 0.002300000051036477,
        "normal_count": 180.0,
        "anomaly_count": 65.0
    },
    "viaduct_25 reinforcing sleeve": {
        "image_auroc": 0.6291000247001648,
        "pixel_ap": 0.003100000089034438,
        "normal_count": 50.0,
        "anomaly_count": 11.0
    },
    "viaduct_35 pink tablet": {
        "image_auroc": 0.42500001192092896,
        "pixel_ap": 0.037700001150369644,
        "normal_count": 50.0,
        "anomaly_count": 60.0
    },
    "btad_02": {
        "image_auroc": 0.67330002784729,
        "pixel_ap": 0.3278999924659729,
        "normal_count": 30.0,
        "anomaly_count": 190.0
    },
    "mpdd_bracket_black": {
        "image_auroc": 0.3479999899864197,
        "pixel_ap": 0.0017000000225380063,
        "normal_count": 32.0,
        "anomaly_count": 37.0
    },
    "mpdd_metal_plate": {
        "image_auroc": 0.8435999751091003,
        "pixel_ap": 0.3025999963283539,
        "normal_count": 26.0,
        "anomaly_count": 61.0
    },
    "mpdd_bracket_white": {
        "image_auroc": 0.35670000314712524,
        "pixel_ap": 0.0006000000284984708,
        "normal_count": 30.0,
        "anomaly_count": 20.0
    },