{
    "continual_ad_Cucumber": {
        "image_auroc": 0.44839999079704285,
        "pixel_ap": 0.0044999998062849045,
        "normal_count": 505.0,
        "anomaly_count": 507.0
    },
    "continual_ad_Spoon": {
        "image_auroc": 0.45179998874664307,
        "pixel_ap": 0.005400000140070915,
        "normal_count": 527.0,
        "anomaly_count": 517.0
    },
    "continual_ad_Apple": {
        "image_auroc": 0.5066999793052673,
        "pixel_ap": 0.014600000344216824,
        "normal_count": 490.0,
        "anomaly_count": 502.0
    },
    "continual_ad_Kleenex": {
        "image_auroc": 0.5256999731063843,
        "pixel_ap": 0.019899999722838402,
        "normal_count": 480.0,
        "anomaly_count": 519.0
    },
    "continual_ad_Glasses-case": {
        "image_auroc": 0.6284999847412109,
        "pixel_ap": 0.002899999963119626,
        "normal_count": 501.0,
        "anomaly_count": 549.0
    },
    "continual_ad_Toothbrush": {
        "image_auroc": 0.5098000168800354,
        "pixel_ap": 0.002400000113993883,
        "normal_count": 500.0,
        "anomaly_count": 549.0
    },
    "continual_ad_Soap": {
        "image_auroc": 0.5220000147819519,
        "pixel_ap": 0.006300000008195639,
        "normal_count": 394.0,
        "anomaly_count": 787.0
    },
    "continual_ad_Notebook": {
        "image_auroc": 0.6287000179290771,
        "pixel_ap": 0.016300000250339508,
        "normal_count": 354.0,
        "anomaly_count": 513.0
    },
    "continual_ad_Capsule": {
        "image_auroc": 0.5861999988555908,
        "pixel_ap": 0.002099999925121665,
        "normal_count": 507.0,
        "anomaly_count": 493.0
    },
    "continual_ad_Sunglasses": {
        "image_auroc": 0.5785999894142151,
        "pixel_ap": 0.014000000432133675,
        "normal_count": 499.0,
        "anomaly_count": 572.0
    },
    "continual_ad_Pencil": {
        "image_auroc": 0.5426999926567078,
        "pixel_ap": 0.002099999925121665,
        "normal_count": 518.0,
        "anomaly_count": 517.0
    },
    "continual_ad_Food-container": {
        "image_auroc": 0.6190999746322632,
        "pixel_ap": 0.025100000202655792,
        "normal_count": 520.0,
        "anomaly_count": 489.0
    },
    "continual_ad_Chopsticks": {
        "image_auroc": 0.5242999792098999,
        "pixel_ap": 0.007400000002235174,
        "normal_count": 488.0,
        "anomaly_count": 524.0
    },
    "continual_ad_Toy": {
        "image_auroc": 0.6977999806404114,
        "pixel_ap": 0.0026000000070780516,
        "normal_count": 368.0,
        "anomaly_count": 492.0
    },
    "continual_ad_Multi-pen": {
        "image_auroc": 0.4413999915122986,
        "pixel_ap": 0.004100000020116568,
        "normal_count": 494.0,
        "anomaly_count": 492.0
    },
    "viaduct_09 joystick": {
        "image_auroc": 0.6559000015258789,
        "pixel_ap": 0.003100000089034438,
        "normal_count": 65.0,
        "anomaly_count": 41.0
    },
    "viaduct_01 shredded corn medium": {
        "image_auroc": 0.647599995136261,
        "pixel_ap": 0.014299999922513962,
        "normal_count": 185.0,
        "anomaly_count": 95.0
    },
    "viaduct_46 damper small": {
        "image_auroc": 0.786899983882904,
        "pixel_ap": 0.002899999963119626,
        "normal_count": 65.0,
        "anomaly_count": 48.0
    },
    "viaduct_18 raspberry": {
        "image_auroc": 0.5910000205039978,
        "pixel_ap": 0.0052999998442828655,
        "normal_count": 170.0,
        "anomaly_count": 84.0
    },
    "viaduct_16 vibration sensor": {
        "image_auroc": 0.5360000133514404,
        "pixel_ap": 0.0007999999797903001,
        "normal_count": 50.0,
        "anomaly_count": 20.0
    },
    "viaduct_36 redon needle": {
        "image_auroc": 0.4717999994754791,
        "pixel_ap": 0.0003000000142492354,
        "normal_count": 180.0,
        "anomaly_count": 63.0
    },
    "viaduct_00 shredded corn rough": {
        "image_auroc": 0.6547999978065491,
        "pixel_ap": 0.05570000037550926,
        "normal_count": 80.0,
        "anomaly_count": 130.0
    },
    "viaduct_44 tack": {
        "image_auroc": 0.45730000734329224,
        "pixel_ap": 0.002300000051036477,
        "normal_count": 160.0,
        "anomaly_count": 137.0
    },
    "viaduct_06 coaxial t-adapter": {
        "image_auroc": 0.23880000412464142,
        "pixel_ap": 0.0017000000225380063,
        "normal_count": 105.0,
        "anomaly_count": 14.0
    },
    "viaduct_31 valve handle red": {
        "image_auroc": 0.5278000235557556,
        "pixel_ap": 0.0006000000284984708,
        "normal_count": 45.0,
        "anomaly_count": 16.0
    },
    "viaduct_04 battery tray": {
        "image_auroc": 0.4918000102043152,
        "pixel_ap": 0.0010000000474974513,
        "normal_count": 65.0,
        "anomaly_count": 30.0
    },
    "viaduct_29 threaded fitting": {
        "image_auroc": 0.5160999894142151,
        "pixel_ap": 0.001500000013038516,
        "normal_count": 90.0,
        "anomaly_count": 62.0
    },
    "viaduct_03 3-pole socket housing": {
        "image_auroc": 0.5450999736785889,
        "pixel_ap": 0.010499999858438969,
        "normal_count": 110.0,
        "anomaly_count": 134.0
    },
    "viaduct_33 drill": {
        "image_auroc": 0.44760000705718994,
        "pixel_ap": 0.0005000000237487257,
        "normal_count": 180.0,
        "anomaly_count": 138.0
    },
    "viaduct_15 terminal block B": {
        "image_auroc": 0.5008999705314636,
        "pixel_ap": 0.0034000000450760126,
        "normal_count": 65.0,
        "anomaly_count": 50.0
    },
    "viaduct_17 cherry": {
        "image_auroc": 0.6948000192642212,
        "pixel_ap": 0.0012000000569969416,
        "normal_count": 275.0,
        "anomaly_count": 112.0
    },
    "viaduct_21 cylinder screw": {
        "image_auroc": 0.3815999925136566,
        "pixel_ap": 0.0017000000225380063,
        "normal_count": 180.0,
        "anomaly_count": 22.0
    },
    "viaduct_32 bone pliers": {
        "image_auroc": 0.5594000220298767,
        "pixel_ap": 0.0003000000142492354,
        "normal_count": 185.0,
        "anomaly_count": 63.0
    },
    "viaduct_42 aluminium plate": {
        "image_auroc": 0.6179999709129333,
        "pixel_ap": 0.01080000028014183,
        "normal_count": 20.0,
        "anomaly_count": 150.0
    },
    "viaduct_10 PCB": {
        "image_auroc": 0.5630999803543091,
        "pixel_ap": 0.0008999999845400453,
        "normal_count": 50.0,
        "anomaly_count": 45.0
    },
    "viaduct_19 strawberry": {
        "image_auroc": 0.6007999777793884,
        "pixel_ap": 0.029200000688433647,
        "normal_count": 175.0,
        "anomaly_count": 135.0
    },
    "viaduct_37 retractor": {
        "image_auroc": 0.49410000443458557,
        "pixel_ap": 0.0008999999845400453,
        "normal_count": 180.0,
        "anomaly_count": 65.0
    },
    "viaduct_25 reinforcing sleeve": {
        "image_auroc": 0.5544999837875366,
        "pixel_ap": 0.000699999975040555,
        "normal_count": 50.0,
        "anomaly_count": 11.0
    },
    "viaduct_35 pink tablet": {
        "image_auroc": 0.5289999842643738,
        "pixel_ap": 0.023399999365210533,
        "normal_count": 50.0,
        "anomaly_count": 60.0
    },
    "btad_02": {
        "image_auroc": 0.5393000245094299,
        "pixel_ap": 0.0502999983727932,
        "normal_count": 30.0,
        "anomaly_count": 190.0
    },
    "mpdd_bracket_black": {
        "image_auroc": 0.32089999318122864,
        "pixel_ap": 0.0015999999595806003,
        "normal_count": 32.0,
        "anomaly_count": 37.0
    },
    "mpdd_metal_plate": {
        "image_auroc": 0.7314000129699707,
        "pixel_ap": 0.10270000249147415,
        "normal_count": 26.0,
        "anomaly_count": 61.0
    },
    "mpdd_bracket_white": {
        "image_auroc": 0.6432999968528748,
        "pixel_ap": 0.00039999998989515007,
        "normal_count": 30.0,
        "anomaly_count": 20.0
    },