{
    "viaduct_11 ring cable lug": {
        "image_auroc": 0.4408999979496002,
        "pixel_ap": 0.004000000189989805,
        "normal_count": 140.0,
        "anomaly_count": 56.0
    },
    "viaduct_39 self-tapping bolt": {
        "image_auroc": 0.5267000198364258,
        "pixel_ap": 0.0348999984562397,
        "normal_count": 140.0,
        "anomaly_count": 140.0
    },
    "continual_ad_Fork": {
        "image_auroc": 0.6656000018119812,
        "pixel_ap": 0.003800000064074993,
        "normal_count": 537.0,
        "anomaly_count": 507.0
    },
    "continual_ad_Candy": {
        "image_auroc": 0.46470001339912415,
        "pixel_ap": 0.006000000052154064,
        "normal_count": 517.0,
        "anomaly_count": 490.0
    },
    "viaduct_38 round pill": {
        "image_auroc": 0.6039000153541565,
        "pixel_ap": 0.01209999993443489,
        "normal_count": 50.0,
        "anomaly_count": 82.0
    },
    "viaduct_47 mains tester": {
        "image_auroc": 0.4830000102519989,
        "pixel_ap": 0.0020000000949949026,
        "normal_count": 50.0,
        "anomaly_count": 20.0
    },
    "viaduct_20 tea bag": {
        "image_auroc": 0.47530001401901245,
        "pixel_ap": 0.03579999879002571,
        "normal_count": 140.0,
        "anomaly_count": 90.0
    },
    "viaduct_27 L-fitting": {
        "image_auroc": 0.4438000023365021,
        "pixel_ap": 0.0015999999595806003,
        "normal_count": 50.0,
        "anomaly_count": 16.0
    },
    "continual_ad_Egg": {
        "image_auroc": 0.7163000106811523,
        "pixel_ap": 0.024000000208616257,
        "normal_count": 662.0,
        "anomaly_count": 491.0
    },
    "viaduct_48 saw blade": {
        "image_auroc": 0.4569999873638153,
        "pixel_ap": 0.00039999998989515007,
        "normal_count": 50.0,
        "anomaly_count": 20.0
    },
    "viaduct_34 oblong pill": {
        "image_auroc": 0.5619999766349792,
        "pixel_ap": 0.008299999870359898,
        "normal_count": 105.0,
        "anomaly_count": 136.0
    },
    "continual_ad_Mango": {
        "image_auroc": 0.5856999754905701,
        "pixel_ap": 0.010300000198185444,
        "normal_count": 456.0,
        "anomaly_count": 491.0
    },
    "continual_ad_Watermelon": {
        "image_auroc": 0.5210000276565552,
        "pixel_ap": 0.007699999958276749,
        "normal_count": 497.0,
        "anomaly_count": 506.0
    },
    "viaduct_12 rotary encoder": {
        "image_auroc": 0.4325999915599823,
        "pixel_ap": 0.007899999618530273,
        "normal_count": 50.0,
        "anomaly_count": 19.0
    },
    "viaduct_40 surgical mask": {
        "image_auroc": 0.5490000247955322,
        "pixel_ap": 0.0003000000142492354,
        "normal_count": 105.0,
        "anomaly_count": 123.0
    },
    "viaduct_13 socket housing": {
        "image_auroc": 0.4796000123023987,
        "pixel_ap": 0.003800000064074993,
        "normal_count": 65.0,
        "anomaly_count": 52.0
    },
    "continual_ad_Toothpaste": {
        "image_auroc": 0.43160000443458557,
        "pixel_ap": 0.006399999838322401,
        "normal_count": 513.0,
        "anomaly_count": 516.0
    },
    "mpdd_bracket_brown": {
        "image_auroc": 0.37709999084472656,
        "pixel_ap": 0.049300000071525574,
        "normal_count": 26.0,
        "anomaly_count": 41.0
    },
    "viaduct_07 d-sub connector": {
        "image_auroc": 0.524399995803833,
        "pixel_ap": 0.00039999998989515007,
        "normal_count": 140.0,
        "anomaly_count": 38.0
    },
    "viaduct_30 valve handle blue": {
        "image_auroc": 0.4756999909877777,
        "pixel_ap": 0.002199999988079071,
        "normal_count": 50.0,
        "anomaly_count": 14.0
    },
    "mpdd_tubes": {
        "image_auroc": 0.6561999917030334,
        "pixel_ap": 0.020400000736117363,
        "normal_count": 32.0,
        "anomaly_count": 59.0
    },
    "viaduct_23 pipe clamp": {
        "image_auroc": 0.49470001459121704,
        "pixel_ap": 0.006500000134110451,
        "normal_count": 50.0,
        "anomaly_count": 19.0
    },
    "viaduct_05 cable end sleeve": {
        "image_auroc": 0.5199999809265137,
        "pixel_ap": 0.0013000000035390258,
        "normal_count": 210.0,
        "anomaly_count": 40.0
    },
    "viaduct_41 white tablet": {
        "image_auroc": 0.27219998836517334,
        "pixel_ap": 0.0035000001080334187,
        "normal_count": 50.0,
        "anomaly_count": 100.0
    },
    "real_iad_toy_brick": {
        "image_auroc": 0.5428000092506409,
        "pixel_ap": 0.0031999999191612005,
        "normal_count": 3464.0,
        "anomaly_count": 1526.0
    },
    "real_iad_plastic_nut": {
        "image_auroc": 0.43299999833106995,
        "pixel_ap": 0.0010000000474974513,
        "normal_count": 3754.0,
        "anomaly_count": 1236.0
    },
    "real_iad_mint": {
        "image_auroc": 0.47099998593330383,
        "pixel_ap": 0.0017000000225380063,
        "normal_count": 3196.0,
        "anomaly_count": 2089.0
    },
    "real_iad_usb": {
        "image_auroc": 0.46779999136924744,
        "pixel_ap": 0.0008999999845400453,
        "normal_count": 3286.0,
        "anomaly_count": 1744.0
    },
    "real_iad_zipper": {
        "image_auroc": 0.616599977016449,
        "pixel_ap": 0.017400000244379044,
        "normal_count": 2664.0,
        "anomaly_count": 2321.0
    },
    "real_iad_pcb": {
        "image_auroc": 0.46059998869895935,
        "pixel_ap": 0.0010999999940395355,
        "normal_count": 2711.0,
        "anomaly_count": 2279.0
    }
}