{
    "viaduct_36 redon needle": {
        "image_auroc": 0.5458999872207642,
        "pixel_ap": 0.00139999995008111,
        "normal_count": 180.0,
        "anomaly_count": 63.0
    },
    "continual_ad_Food-container": {
        "image_auroc": 0.4343999922275543,
        "pixel_ap": 0.011599999852478504,
        "normal_count": 520.0,
        "anomaly_count": 489.0
    },
    "viaduct_23 pipe clamp": {
        "image_auroc": 0.5673999786376953,
        "pixel_ap": 0.00430000014603138,
        "normal_count": 50.0,
        "anomaly_count": 19.0
    },
    "mvtec_transistor": {
        "image_auroc": 0.6722000241279602,
        "pixel_ap": 0.06159999966621399,
        "normal_count": 60.0,
        "anomaly_count": 30.0
    },
    "real_iad_sim_card_set": {
        "image_auroc": 0.36899998784065247,
        "pixel_ap": 0.0010999999940395355,
        "normal_count": 2951.0,
        "anomaly_count": 2059.0
    }
}