{
    "viaduct_36 redon needle": {
        "image_auroc": 0.5041999816894531,
        "pixel_ap": 0.0017000000225380063,
        "normal_count": 180.0,
        "anomaly_count": 63.0
    },
    "continual_ad_Food-container": {
        "image_auroc": 0.6011000275611877,
        "pixel_ap": 0.024700000882148743,
        "normal_count": 520.0,
        "anomaly_count": 489.0
    },
    "viaduct_23 pipe clamp": {
        "image_auroc": 0.5400000214576721,
        "pixel_ap": 0.006599999964237213,
        "normal_count": 50.0,
        "anomaly_count": 19.0
    },
    "mvtec_transistor": {
        "image_auroc": 0.6689000129699707,
        "pixel_ap": 0.08839999884366989,
        "normal_count": 60.0,
        "anomaly_count": 30.0
    },
    "real_iad_sim_card_set": {
        "image_auroc": 0.642799973487854,
        "pixel_ap": 0.001500000013038516,
        "normal_count": 2951.0,
        "anomaly_count": 2059.0
    }
}