{
    "visa_capsules": {
        "image_auroc": 0.555400013923645,
        "pixel_ap": 0.003700000001117587,
        "normal_count": 60.0,
        "anomaly_count": 90.0
    },
    "viaduct_18 raspberry": {
        "image_auroc": 0.5491999983787537,
        "pixel_ap": 0.004900000058114529,
        "normal_count": 170.0,
        "anomaly_count": 84.0
    },
    "viaduct_21 cylinder screw": {
        "image_auroc": 0.3278000056743622,
        "pixel_ap": 0.0007999999797903001,
        "normal_count": 180.0,
        "anomaly_count": 22.0
    },
    "viaduct_05 cable end sleeve": {
        "image_auroc": 0.5081999897956848,
        "pixel_ap": 0.0007999999797903001,
        "normal_count": 210.0,
        "anomaly_count": 40.0
    },
    "real_iad_eraser": {
        "image_auroc": 0.4047999978065491,
        "pixel_ap": 0.0007999999797903001,
        "normal_count": 3567.0,
        "anomaly_count": 1478.0
    }
}