{
    "visa_capsules": {
        "image_auroc": 0.4745999872684479,
        "pixel_ap": 0.0032999999821186066,
        "normal_count": 60.0,
        "anomaly_count": 90.0
    },
    "viaduct_18 raspberry": {
        "image_auroc": 0.4984000027179718,
        "pixel_ap": 0.005400000140070915,
        "normal_count": 170.0,
        "anomaly_count": 84.0
    },
    "viaduct_21 cylinder screw": {
        "image_auroc": 0.4065999984741211,
        "pixel_ap": 0.011300000362098217,
        "normal_count": 180.0,
        "anomaly_count": 22.0
    },
    "viaduct_05 cable end sleeve": {
        "image_auroc": 0.5411999821662903,
        "pixel_ap": 0.0007999999797903001,
        "normal_count": 210.0,
        "anomaly_count": 40.0
    },
    "real_iad_eraser": {
        "image_auroc": 0.5044000148773193,
        "pixel_ap": 0.0006000000284984708,
        "normal_count": 3567.0,
        "anomaly_count": 1478.0
    }
}