{
    "continual_ad_Mango": {
        "image_auroc": 0.9398999810218811,
        "pixel_ap": 0.055799998342990875,
        "normal_count": 456.0,
        "anomaly_count": 491.0
    },
    "viaduct_30 valve handle blue": {
        "image_auroc": 0.391400009393692,
        "pixel_ap": 0.0008999999845400453,
        "normal_count": 50.0,
        "anomaly_count": 14.0
    },
    "visa_pcb2": {
        "image_auroc": 0.5072000026702881,
        "pixel_ap": 0.004999999888241291,
        "normal_count": 100.0,
        "anomaly_count": 90.0
    },
    "mvtec_capsule": {
        "image_auroc": 0.5019999742507935,
        "pixel_ap": 0.010099999606609344,
        "normal_count": 23.0,
        "anomaly_count": 99.0
    },
    "continual_ad_Watermelon": {
        "image_auroc": 0.42160001397132874,
        "pixel_ap": 0.01759999990463257,
        "normal_count": 497.0,
        "anomaly_count": 506.0
    }
}