{
    "continual_ad_Mango": {
        "image_auroc": 0.4456999897956848,
        "pixel_ap": 0.00989999994635582,
        "normal_count": 456.0,
        "anomaly_count": 491.0
    },
    "viaduct_30 valve handle blue": {
        "image_auroc": 0.4056999981403351,
        "pixel_ap": 0.000699999975040555,
        "normal_count": 50.0,
        "anomaly_count": 14.0
    },
    "visa_pcb2": {
        "image_auroc": 0.49390000104904175,
        "pixel_ap": 0.0019000000320374966,
        "normal_count": 100.0,
        "anomaly_count": 90.0
    },
    "mvtec_capsule": {
        "image_auroc": 0.46380001306533813,
        "pixel_ap": 0.007600000128149986,
        "normal_count": 23.0,
        "anomaly_count": 99.0
    },
    "continual_ad_Watermelon": {
        "image_auroc": 0.5443999767303467,
        "pixel_ap": 0.007300000172108412,
        "normal_count": 497.0,
        "anomaly_count": 506.0
    }
}