{
    "continual_ad_Mango": {
        "image_auroc": 0.23749999701976776,
        "pixel_ap": 0.00839999970048666,
        "normal_count": 456.0,
        "anomaly_count": 491.0
    },
    "viaduct_30 valve handle blue": {
        "image_auroc": 0.6428999900817871,
        "pixel_ap": 0.019700000062584877,
        "normal_count": 50.0,
        "anomaly_count": 14.0
    },
    "visa_pcb2": {
        "image_auroc": 0.5322999954223633,
        "pixel_ap": 0.004999999888241291,
        "normal_count": 100.0,
        "anomaly_count": 90.0
    },
    "mvtec_capsule": {
        "image_auroc": 0.5055000185966492,
        "pixel_ap": 0.019500000402331352,
        "normal_count": 23.0,
        "anomaly_count": 99.0
    },
    "continual_ad_Watermelon": {
        "image_auroc": 0.4957999885082245,
        "pixel_ap": 0.007899999618530273,
        "normal_count": 497.0,
        "anomaly_count": 506.0
    }
}