{
    "continual_ad_Mango": {
        "image_auroc": 0.5047000050544739,
        "pixel_ap": 0.010900000110268593,
        "normal_count": 456.0,
        "anomaly_count": 491.0
    },
    "viaduct_30 valve handle blue": {
        "image_auroc": 0.4986000061035156,
        "pixel_ap": 0.0007999999797903001,
        "normal_count": 50.0,
        "anomaly_count": 14.0
    },
    "visa_pcb2": {
        "image_auroc": 0.6079999804496765,
        "pixel_ap": 0.005200000014156103,
        "normal_count": 100.0,
        "anomaly_count": 90.0
    },
    "mvtec_capsule": {
        "image_auroc": 0.3407999873161316,
        "pixel_ap": 0.008100000210106373,
        "normal_count": 23.0,
        "anomaly_count": 99.0
    },
    "continual_ad_Watermelon": {
        "image_auroc": 0.3747999966144562,
        "pixel_ap": 0.005799999926239252,
        "normal_count": 497.0,
        "anomaly_count": 506.0
    }
}