{
    "continual_ad_Mango": {
        "image_auroc": 0.7860999703407288,
        "pixel_ap": 0.11410000175237656,
        "normal_count": 456.0,
        "anomaly_count": 491.0
    },
    "viaduct_30 valve handle blue": {
        "image_auroc": 0.5656999945640564,
        "pixel_ap": 0.0027000000700354576,
        "normal_count": 50.0,
        "anomaly_count": 14.0
    },
    "visa_pcb2": {
        "image_auroc": 0.4771000146865845,
        "pixel_ap": 0.0017000000225380063,
        "normal_count": 100.0,
        "anomaly_count": 90.0
    },
    "mvtec_capsule": {
        "image_auroc": 0.36500000953674316,
        "pixel_ap": 0.03440000116825104,
        "normal_count": 23.0,
        "anomaly_count": 99.0
    },
    "continual_ad_Watermelon": {
        "image_auroc": 0.36899998784065247,
        "pixel_ap": 0.01549999974668026,
        "normal_count": 497.0,
        "anomaly_count": 506.0
    }
}