{
    "viaduct_16 vibration sensor": {
        "image_auroc": 0.4690000116825104,
        "pixel_ap": 0.004399999976158142,
        "normal_count": 50.0,
        "anomaly_count": 20.0
    },
    "real_iad_plastic_nut": {
        "image_auroc": 0.5552999973297119,
        "pixel_ap": 0.00039999998989515007,
        "normal_count": 3754.0,
        "anomaly_count": 1236.0
    },
    "real_iad_pcb": {
        "image_auroc": 0.3921999931335449,
        "pixel_ap": 0.003100000089034438,
        "normal_count": 2711.0,
        "anomaly_count": 2279.0
    },
    "real_iad_usb_adaptor": {
        "image_auroc": 0.6028000116348267,
        "pixel_ap": 0.00039999998989515007,
        "normal_count": 3485.0,
        "anomaly_count": 1510.0
    },
    "real_iad_mounts": {
        "image_auroc": 0.5461999773979187,
        "pixel_ap": 0.0010999999940395355,
        "normal_count": 3702.0,
        "anomaly_count": 1328.0
    }
}