{
    "viaduct_16 vibration sensor": {
        "image_auroc": 0.6890000104904175,
        "pixel_ap": 0.016599999740719795,
        "normal_count": 50.0,
        "anomaly_count": 20.0
    },
    "real_iad_plastic_nut": {
        "image_auroc": 0.4388999938964844,
        "pixel_ap": 0.002199999988079071,
        "normal_count": 3754.0,
        "anomaly_count": 1236.0
    },
    "real_iad_pcb": {
        "image_auroc": 0.5372999906539917,
        "pixel_ap": 0.0032999999821186066,
        "normal_count": 2711.0,
        "anomaly_count": 2279.0
    },
    "real_iad_usb_adaptor": {
        "image_auroc": 0.5406000018119812,
        "pixel_ap": 0.0012000000569969416,
        "normal_count": 3485.0,
        "anomaly_count": 1510.0
    },
    "real_iad_mounts": {
        "image_auroc": 0.49880000948905945,
        "pixel_ap": 0.006200000178068876,
        "normal_count": 3702.0,
        "anomaly_count": 1328.0
    }
}