{
    "viaduct_16 vibration sensor": {
        "image_auroc": 0.621999979019165,
        "pixel_ap": 0.011099999770522118,
        "normal_count": 50.0,
        "anomaly_count": 20.0
    },
    "real_iad_plastic_nut": {
        "image_auroc": 0.45239999890327454,
        "pixel_ap": 0.0006000000284984708,
        "normal_count": 3754.0,
        "anomaly_count": 1236.0
    },
    "real_iad_pcb": {
        "image_auroc": 0.48829999566078186,
        "pixel_ap": 0.0032999999821186066,
        "normal_count": 2711.0,
        "anomaly_count": 2279.0
    },
    "real_iad_usb_adaptor": {
        "image_auroc": 0.4805999994277954,
        "pixel_ap": 0.0005000000237487257,
        "normal_count": 3485.0,
        "anomaly_count": 1510.0
    },
    "real_iad_mounts": {
        "image_auroc": 0.5559999942779541,
        "pixel_ap": 0.0017999999690800905,
        "normal_count": 3702.0,
        "anomaly_count": 1328.0
    }
}