{
    "mpdd_bracket_white": {
        "image_auroc": 0.6100000143051147,
        "pixel_ap": 0.0012000000569969416,
        "normal_count": 30.0,
        "anomaly_count": 20.0
    },
    "viaduct_08 ethernet connector": {
        "image_auroc": 0.45730000734329224,
        "pixel_ap": 0.008200000040233135,
        "normal_count": 50.0,
        "anomaly_count": 30.0
    },
    "viaduct_24 pan screw": {
        "image_auroc": 0.557200014591217,
        "pixel_ap": 0.004100000020116568,
        "normal_count": 130.0,
        "anomaly_count": 100.0
    },
    "viaduct_25 reinforcing sleeve": {
        "image_auroc": 0.567300021648407,
        "pixel_ap": 0.0007999999797903001,
        "normal_count": 50.0,
        "anomaly_count": 11.0
    },
    "real_iad_end_cap": {
        "image_auroc": 0.5205000042915344,
        "pixel_ap": 0.0020000000949949026,
        "normal_count": 2817.0,
        "anomaly_count": 2173.0
    }
}