{
    "candle": {
        "image_auroc": 0.4099999964237213,
        "pixel_ap": 0.0034000000450760126,
        "normal_count": 100.0,
        "anomaly_count": 100.0
    },
    "capsules": {
        "image_auroc": 0.4546999931335449,
        "pixel_ap": 0.003100000089034438,
        "normal_count": 60.0,
        "anomaly_count": 100.0
    },
    "cashew": {
        "image_auroc": 0.6212000250816345,
        "pixel_ap": 0.013100000098347664,
        "normal_count": 50.0,
        "anomaly_count": 100.0
    },
    "chewinggum": {
        "image_auroc": 0.37560001015663147,
        "pixel_ap": 0.003599999938160181,
        "normal_count": 50.0,
        "anomaly_count": 100.0
    },
    "fryum": {
        "image_auroc": 0.550599992275238,
        "pixel_ap": 0.04670000076293945,
        "normal_count": 50.0,
        "anomaly_count": 100.0
    },
    "macaroni1": {
        "image_auroc": 0.6033999919891357,
        "pixel_ap": 0.0007999999797903001,
        "normal_count": 100.0,
        "anomaly_count": 100.0
    },
    "macaroni2": {
        "image_auroc": 0.5497000217437744,
        "pixel_ap": 0.0006000000284984708,
        "normal_count": 100.0,
        "anomaly_count": 100.0
    },
    "pcb1": {
        "image_auroc": 0.5479000210762024,
        "pixel_ap": 0.002899999963119626,
        "normal_count": 100.0,
        "anomaly_count": 100.0
    },
    "pcb2": {
        "image_auroc": 0.5723000168800354,
        "pixel_ap": 0.002400000113993883,
        "normal_count": 100.0,
        "anomaly_count": 100.0
    },
    "pcb3": {
        "image_auroc": 0.4194999933242798,
        "pixel_ap": 0.0019000000320374966,
        "normal_count": 101.0,
        "anomaly_count": 100.0
    },
    "pcb4": {
        "image_auroc": 0.5870000123977661,
        "pixel_ap": 0.004800000227987766,
        "normal_count": 101.0,
        "anomaly_count": 100.0
    },
    "pipe_fryum": {
        "image_auroc": 0.48980000615119934,
        "pixel_ap": 0.0364999994635582,
        "normal_count": 50.0,
        "anomaly_count": 100.0
    }
}