{
    "viaduct_38 round pill": {
        "image_auroc": 0.4731999933719635,
        "pixel_ap": 0.019200000911951065,
        "normal_count": 50.0,
        "anomaly_count": 82.0
    },
    "viaduct_32 bone pliers": {
        "image_auroc": 0.5022000074386597,
        "pixel_ap": 0.0024999999441206455,
        "normal_count": 185.0,
        "anomaly_count": 63.0
    },
    "viaduct_25 reinforcing sleeve": {
        "image_auroc": 0.4327000081539154,
        "pixel_ap": 0.010499999858438969,
        "normal_count": 50.0,
        "anomaly_count": 11.0
    },
    "real_iad_rolled_strip_base": {
        "image_auroc": 0.48579999804496765,
        "pixel_ap": 0.008700000122189522,
        "normal_count": 2515.0,
        "anomaly_count": 2515.0
    },
    "real_iad_toothbrush": {
        "image_auroc": 0.5498999953269958,
        "pixel_ap": 0.028699999675154686,
        "normal_count": 2968.0,
        "anomaly_count": 2017.0
    }
}