{
    "viaduct_38 round pill": {
        "image_auroc": 0.6078000068664551,
        "pixel_ap": 0.09459999948740005,
        "normal_count": 50.0,
        "anomaly_count": 82.0
    },
    "viaduct_32 bone pliers": {
        "image_auroc": 0.4702000021934509,
        "pixel_ap": 0.0006000000284984708,
        "normal_count": 185.0,
        "anomaly_count": 63.0
    },
    "viaduct_25 reinforcing sleeve": {
        "image_auroc": 0.6182000041007996,
        "pixel_ap": 0.01860000006854534,
        "normal_count": 50.0,
        "anomaly_count": 11.0
    },
    "real_iad_rolled_strip_base": {
        "image_auroc": 0.4465000033378601,
        "pixel_ap": 0.002400000113993883,
        "normal_count": 2515.0,
        "anomaly_count": 2515.0
    },
    "real_iad_toothbrush": {
        "image_auroc": 0.5663999915122986,
        "pixel_ap": 0.03689999878406525,
        "normal_count": 2968.0,
        "anomaly_count": 2017.0
    }
}