{
    "viaduct_38 round pill": {
        "image_auroc": 0.6010000109672546,
        "pixel_ap": 0.0210999995470047,
        "normal_count": 50.0,
        "anomaly_count": 82.0
    },
    "viaduct_32 bone pliers": {
        "image_auroc": 0.5422000288963318,
        "pixel_ap": 0.000699999975040555,
        "normal_count": 185.0,
        "anomaly_count": 63.0
    },
    "viaduct_25 reinforcing sleeve": {
        "image_auroc": 0.5799999833106995,
        "pixel_ap": 0.0013000000035390258,
        "normal_count": 50.0,
        "anomaly_count": 11.0
    },
    "real_iad_rolled_strip_base": {
        "image_auroc": 0.5339000225067139,
        "pixel_ap": 0.003100000089034438,
        "normal_count": 2515.0,
        "anomaly_count": 2515.0
    },
    "real_iad_toothbrush": {
        "image_auroc": 0.5163999795913696,
        "pixel_ap": 0.01720000058412552,
        "normal_count": 2968.0,
        "anomaly_count": 2017.0
    }
}