{
    "viaduct_38 round pill": {
        "image_auroc": 0.527999997138977,
        "pixel_ap": 0.004699999932199717,
        "normal_count": 50.0,
        "anomaly_count": 82.0
    },
    "viaduct_32 bone pliers": {
        "image_auroc": 0.42910000681877136,
        "pixel_ap": 0.00039999998989515007,
        "normal_count": 185.0,
        "anomaly_count": 63.0
    },
    "viaduct_25 reinforcing sleeve": {
        "image_auroc": 0.5254999995231628,
        "pixel_ap": 0.0006000000284984708,
        "normal_count": 50.0,
        "anomaly_count": 11.0
    },
    "real_iad_rolled_strip_base": {
        "image_auroc": 0.4968999922275543,
        "pixel_ap": 0.0010999999940395355,
        "normal_count": 2515.0,
        "anomaly_count": 2515.0
    },
    "real_iad_toothbrush": {
        "image_auroc": 0.4950000047683716,
        "pixel_ap": 0.00839999970048666,
        "normal_count": 2968.0,
        "anomaly_count": 2017.0
    }
}