{
    "viaduct_38 round pill": {
        "image_auroc": 0.4982999861240387,
        "pixel_ap": 0.06669999659061432,
        "normal_count": 50.0,
        "anomaly_count": 82.0
    },
    "viaduct_32 bone pliers": {
        "image_auroc": 0.5778999924659729,
        "pixel_ap": 0.002899999963119626,
        "normal_count": 185.0,
        "anomaly_count": 63.0
    },
    "viaduct_25 reinforcing sleeve": {
        "image_auroc": 0.5873000025749207,
        "pixel_ap": 0.03660000115633011,
        "normal_count": 50.0,
        "anomaly_count": 11.0
    },
    "real_iad_rolled_strip_base": {
        "image_auroc": 0.5576000213623047,
        "pixel_ap": 0.003100000089034438,
        "normal_count": 2515.0,
        "anomaly_count": 2515.0
    },
    "real_iad_toothbrush": {
        "image_auroc": 0.5386999845504761,
        "pixel_ap": 0.03280000016093254,
        "normal_count": 2968.0,
        "anomaly_count": 2017.0
    }
}