{
    "bottle": {
        "image_auroc": 0.41269999742507935,
        "pixel_ap": 0.04670000076293945,
        "normal_count": 20.0,
        "anomaly_count": 63.0
    },
    "cable": {
        "image_auroc": 0.47920000553131104,
        "pixel_ap": 0.04129999876022339,
        "normal_count": 58.0,
        "anomaly_count": 92.0
    },
    "capsule": {
        "image_auroc": 0.5508999824523926,
        "pixel_ap": 0.04659999907016754,
        "normal_count": 23.0,
        "anomaly_count": 109.0
    },
    "carpet": {
        "image_auroc": 0.5863000154495239,
        "pixel_ap": 0.018799999728798866,
        "normal_count": 28.0,
        "anomaly_count": 89.0
    },
    "grid": {
        "image_auroc": 0.36419999599456787,
        "pixel_ap": 0.011800000444054604,
        "normal_count": 21.0,
        "anomaly_count": 57.0
    },
    "hazelnut": {
        "image_auroc": 0.6456999778747559,
        "pixel_ap": 0.030899999663233757,
        "normal_count": 40.0,
        "anomaly_count": 70.0
    },
    "leather": {
        "image_auroc": 0.6759999990463257,
        "pixel_ap": 0.012500000186264515,
        "normal_count": 32.0,
        "anomaly_count": 92.0
    },
    "metal_nut": {
        "image_auroc": 0.39100000262260437,
        "pixel_ap": 0.20970000326633453,
        "normal_count": 22.0,
        "anomaly_count": 93.0
    },
    "pill": {
        "image_auroc": 0.5968000292778015,
        "pixel_ap": 0.045899998396635056,
        "normal_count": 26.0,
        "anomaly_count": 141.0
    },
    "screw": {
        "image_auroc": 0.5263000130653381,
        "pixel_ap": 0.003599999938160181,
        "normal_count": 41.0,
        "anomaly_count": 119.0
    },
    "tile": {
        "image_auroc": 0.6948000192642212,
        "pixel_ap": 0.1395999938249588,
        "normal_count": 33.0,
        "anomaly_count": 84.0
    },
    "toothbrush": {
        "image_auroc": 0.5777999758720398,
        "pixel_ap": 0.04190000146627426,
        "normal_count": 12.0,
        "anomaly_count": 30.0
    },
    "transistor": {
        "image_auroc": 0.5649999976158142,
        "pixel_ap": 0.24199999868869781,
        "normal_count": 60.0,
        "anomaly_count": 40.0
    },
    "wood": {
        "image_auroc": 0.6711000204086304,
        "pixel_ap": 0.048700001090765,
        "normal_count": 19.0,
        "anomaly_count": 60.0
    },
    "zipper": {
        "image_auroc": 0.5529999732971191,
        "pixel_ap": 0.019600000232458115,
        "normal_count": 32.0,
        "anomaly_count": 119.0
    }
}