{
    "continual_ad_Mouse": {
        "image_auroc": 0.5913000106811523,
        "pixel_ap": 0.1459999978542328,
        "normal_count": 517.0,
        "anomaly_count": 495.0
    },
    "viaduct_22 device box": {
        "image_auroc": 0.5443999767303467,
        "pixel_ap": 0.0003000000142492354,
        "normal_count": 50.0,
        "anomaly_count": 36.0
    },
    "viaduct_13 socket housing": {
        "image_auroc": 0.4348999857902527,
        "pixel_ap": 0.005200000014156103,
        "normal_count": 65.0,
        "anomaly_count": 52.0
    },
    "real_iad_audiojack": {
        "image_auroc": 0.5591999888420105,
        "pixel_ap": 0.002400000113993883,
        "normal_count": 3744.0,
        "anomaly_count": 1286.0
    },
    "real_iad_fire_hood": {
        "image_auroc": 0.49869999289512634,
        "pixel_ap": 0.000699999975040555,
        "normal_count": 3665.0,
        "anomaly_count": 1340.0
    }
}