{
    "continual_ad_Mouse": {
        "image_auroc": 0.7494000196456909,
        "pixel_ap": 0.07699999958276749,
        "normal_count": 517.0,
        "anomaly_count": 495.0
    },
    "viaduct_22 device box": {
        "image_auroc": 0.47940000891685486,
        "pixel_ap": 0.00019999999494757503,
        "normal_count": 50.0,
        "anomaly_count": 36.0
    },
    "viaduct_13 socket housing": {
        "image_auroc": 0.51419997215271,
        "pixel_ap": 0.003800000064074993,
        "normal_count": 65.0,
        "anomaly_count": 52.0
    },
    "real_iad_audiojack": {
        "image_auroc": 0.47099998593330383,
        "pixel_ap": 0.0006000000284984708,
        "normal_count": 3744.0,
        "anomaly_count": 1286.0
    },
    "real_iad_fire_hood": {
        "image_auroc": 0.5257999897003174,
        "pixel_ap": 0.0010999999940395355,
        "normal_count": 3665.0,
        "anomaly_count": 1340.0
    }
}