{
    "continual_ad_Mouse": {
        "image_auroc": 0.6841999888420105,
        "pixel_ap": 0.03700000047683716,
        "normal_count": 517.0,
        "anomaly_count": 495.0
    },
    "viaduct_22 device box": {
        "image_auroc": 0.5282999873161316,
        "pixel_ap": 0.00019999999494757503,
        "normal_count": 50.0,
        "anomaly_count": 36.0
    },
    "viaduct_13 socket housing": {
        "image_auroc": 0.539900004863739,
        "pixel_ap": 0.00419999985024333,
        "normal_count": 65.0,
        "anomaly_count": 52.0
    },
    "real_iad_audiojack": {
        "image_auroc": 0.5331000089645386,
        "pixel_ap": 0.0008999999845400453,
        "normal_count": 3744.0,
        "anomaly_count": 1286.0
    },
    "real_iad_fire_hood": {
        "image_auroc": 0.47940000891685486,
        "pixel_ap": 0.0006000000284984708,
        "normal_count": 3665.0,
        "anomaly_count": 1340.0
    }
}