{
    "continual_ad_Mouse": {
        "image_auroc": 0.5788000226020813,
        "pixel_ap": 0.02850000001490116,
        "normal_count": 517.0,
        "anomaly_count": 495.0
    },
    "viaduct_22 device box": {
        "image_auroc": 0.550599992275238,
        "pixel_ap": 0.0003000000142492354,
        "normal_count": 50.0,
        "anomaly_count": 36.0
    },
    "viaduct_13 socket housing": {
        "image_auroc": 0.47600001096725464,
        "pixel_ap": 0.0038999998942017555,
        "normal_count": 65.0,
        "anomaly_count": 52.0
    },
    "real_iad_audiojack": {
        "image_auroc": 0.5570999979972839,
        "pixel_ap": 0.0010999999940395355,
        "normal_count": 3744.0,
        "anomaly_count": 1286.0
    },
    "real_iad_fire_hood": {
        "image_auroc": 0.5182999968528748,
        "pixel_ap": 0.000699999975040555,
        "normal_count": 3665.0,
        "anomaly_count": 1340.0
    }
}