{
    "continual_ad_Mouse": {
        "image_auroc": 0.6730999946594238,
        "pixel_ap": 0.01979999989271164,
        "normal_count": 517.0,
        "anomaly_count": 495.0
    },
    "viaduct_22 device box": {
        "image_auroc": 0.5428000092506409,
        "pixel_ap": 0.00019999999494757503,
        "normal_count": 50.0,
        "anomaly_count": 36.0
    },
    "viaduct_13 socket housing": {
        "image_auroc": 0.4422999918460846,
        "pixel_ap": 0.002899999963119626,
        "normal_count": 65.0,
        "anomaly_count": 52.0
    },
    "real_iad_audiojack": {
        "image_auroc": 0.49559998512268066,
        "pixel_ap": 0.0008999999845400453,
        "normal_count": 3744.0,
        "anomaly_count": 1286.0
    },
    "real_iad_fire_hood": {
        "image_auroc": 0.5297999978065491,
        "pixel_ap": 0.0005000000237487257,
        "normal_count": 3665.0,
        "anomaly_count": 1340.0
    }
}