{
    "continual_ad_Mouse": {
        "image_auroc": 0.41350001096725464,
        "pixel_ap": 0.05130000039935112,
        "normal_count": 517.0,
        "anomaly_count": 495.0
    },
    "viaduct_22 device box": {
        "image_auroc": 0.5171999931335449,
        "pixel_ap": 0.00019999999494757503,
        "normal_count": 50.0,
        "anomaly_count": 36.0
    },
    "viaduct_13 socket housing": {
        "image_auroc": 0.49050000309944153,
        "pixel_ap": 0.0038999998942017555,
        "normal_count": 65.0,
        "anomaly_count": 52.0
    },
    "real_iad_audiojack": {
        "image_auroc": 0.4948999881744385,
        "pixel_ap": 0.0015999999595806003,
        "normal_count": 3744.0,
        "anomaly_count": 1286.0
    },
    "real_iad_fire_hood": {
        "image_auroc": 0.3935999870300293,
        "pixel_ap": 0.000699999975040555,
        "normal_count": 3665.0,
        "anomaly_count": 1340.0
    }
}