{
    "continual_ad_Mouse": {
        "image_auroc": 0.6104000210762024,
        "pixel_ap": 0.02250000089406967,
        "normal_count": 517.0,
        "anomaly_count": 495.0
    },
    "viaduct_22 device box": {
        "image_auroc": 0.5566999912261963,
        "pixel_ap": 0.00019999999494757503,
        "normal_count": 50.0,
        "anomaly_count": 36.0
    },
    "viaduct_13 socket housing": {
        "image_auroc": 0.4828000068664551,
        "pixel_ap": 0.00279999990016222,
        "normal_count": 65.0,
        "anomaly_count": 52.0
    },
    "real_iad_audiojack": {
        "image_auroc": 0.5651999711990356,
        "pixel_ap": 0.0005000000237487257,
        "normal_count": 3744.0,
        "anomaly_count": 1286.0
    },
    "real_iad_fire_hood": {
        "image_auroc": 0.5199000239372253,
        "pixel_ap": 0.0005000000237487257,
        "normal_count": 3665.0,
        "anomaly_count": 1340.0
    }
}