{
    "viaduct_43 paperclip": {
        "image_auroc": 0.5424000024795532,
        "pixel_ap": 0.003599999938160181,
        "normal_count": 110.0,
        "anomaly_count": 63.0
    },
    "real_iad_woodstick": {
        "image_auroc": 0.4634000062942505,
        "pixel_ap": 0.0010000000474974513,
        "normal_count": 3922.0,
        "anomaly_count": 1063.0
    },
    "real_iad_mint": {
        "image_auroc": 0.4481000006198883,
        "pixel_ap": 0.000699999975040555,
        "normal_count": 3196.0,
        "anomaly_count": 2089.0
    },
    "real_iad_toy": {
        "image_auroc": 0.519599974155426,
        "pixel_ap": 0.0010999999940395355,
        "normal_count": 2825.0,
        "anomaly_count": 2180.0
    },
    "real_iad_bottle_cap": {
        "image_auroc": 0.5468000173568726,
        "pixel_ap": 0.0005000000237487257,
        "normal_count": 3374.0,
        "anomaly_count": 1621.0
    }
}