{
    "viaduct_43 paperclip": {
        "image_auroc": 0.4787999987602234,
        "pixel_ap": 0.009399999864399433,
        "normal_count": 110.0,
        "anomaly_count": 63.0
    },
    "real_iad_woodstick": {
        "image_auroc": 0.5214999914169312,
        "pixel_ap": 0.0017999999690800905,
        "normal_count": 3922.0,
        "anomaly_count": 1063.0
    },
    "real_iad_mint": {
        "image_auroc": 0.5189999938011169,
        "pixel_ap": 0.0010000000474974513,
        "normal_count": 3196.0,
        "anomaly_count": 2089.0
    },
    "real_iad_toy": {
        "image_auroc": 0.4715000092983246,
        "pixel_ap": 0.001500000013038516,
        "normal_count": 2825.0,
        "anomaly_count": 2180.0
    },
    "real_iad_bottle_cap": {
        "image_auroc": 0.5024999976158142,
        "pixel_ap": 0.0003000000142492354,
        "normal_count": 3374.0,
        "anomaly_count": 1621.0
    }
}