{
    "continual_ad_Cup": {
        "image_auroc": 0.4472000002861023,
        "pixel_ap": 0.006000000052154064,
        "normal_count": 517.0,
        "anomaly_count": 488.0
    },
    "viaduct_41 white tablet": {
        "image_auroc": 0.492000013589859,
        "pixel_ap": 0.005400000140070915,
        "normal_count": 50.0,
        "anomaly_count": 100.0
    },
    "btad_01": {
        "image_auroc": 0.43220001459121704,
        "pixel_ap": 0.03500000014901161,
        "normal_count": 21.0,
        "anomaly_count": 39.0
    },
    "real_iad_plastic_nut": {
        "image_auroc": 0.54830002784729,
        "pixel_ap": 0.0006000000284984708,
        "normal_count": 3754.0,
        "anomaly_count": 1236.0
    },
    "real_iad_toy_brick": {
        "image_auroc": 0.49300000071525574,
        "pixel_ap": 0.0010999999940395355,
        "normal_count": 3464.0,
        "anomaly_count": 1526.0
    }
}