{
    "viaduct_12 rotary encoder": {
        "image_auroc": 0.5031999945640564,
        "pixel_ap": 0.0017999999690800905,
        "normal_count": 50.0,
        "anomaly_count": 19.0
    },
    "continual_ad_Ruler": {
        "image_auroc": 0.5618000030517578,
        "pixel_ap": 0.00139999995008111,
        "normal_count": 277.0,
        "anomaly_count": 490.0
    },
    "continual_ad_Flash-drive": {
        "image_auroc": 0.5852000117301941,
        "pixel_ap": 0.007000000216066837,
        "normal_count": 522.0,
        "anomaly_count": 495.0
    },
    "btad_03": {
        "image_auroc": 0.31949999928474426,
        "pixel_ap": 0.0017000000225380063,
        "normal_count": 400.0,
        "anomaly_count": 31.0
    },
    "real_iad_tape": {
        "image_auroc": 0.5393000245094299,
        "pixel_ap": 0.0010999999940395355,
        "normal_count": 3647.0,
        "anomaly_count": 1433.0
    }
}