{
    "viaduct_12 rotary encoder": {
        "image_auroc": 0.5631999969482422,
        "pixel_ap": 0.0010999999940395355,
        "normal_count": 50.0,
        "anomaly_count": 19.0
    },
    "continual_ad_Ruler": {
        "image_auroc": 0.4936999976634979,
        "pixel_ap": 0.0012000000569969416,
        "normal_count": 277.0,
        "anomaly_count": 490.0
    },
    "continual_ad_Flash-drive": {
        "image_auroc": 0.4887000024318695,
        "pixel_ap": 0.004100000020116568,
        "normal_count": 522.0,
        "anomaly_count": 495.0
    },
    "btad_03": {
        "image_auroc": 0.570900022983551,
        "pixel_ap": 0.009200000204145908,
        "normal_count": 400.0,
        "anomaly_count": 31.0
    },
    "real_iad_tape": {
        "image_auroc": 0.4966999888420105,
        "pixel_ap": 0.0012000000569969416,
        "normal_count": 3647.0,
        "anomaly_count": 1433.0
    }
}