{
    "bottle": {
        "image_auroc": 0.8816999793052673,
        "pixel_ap": 0.07209999859333038,
        "normal_count": 20.0,
        "anomaly_count": 63.0
    },
    "cable": {
        "image_auroc": 0.6995999813079834,
        "pixel_ap": 0.06669999659061432,
        "normal_count": 58.0,
        "anomaly_count": 92.0
    },
    "capsule": {
        "image_auroc": 0.6373999714851379,
        "pixel_ap": 0.01080000028014183,
        "normal_count": 23.0,
        "anomaly_count": 109.0
    },
    "carpet": {
        "image_auroc": 0.6176000237464905,
        "pixel_ap": 0.06620000302791595,
        "normal_count": 28.0,
        "anomaly_count": 89.0
    },
    "grid": {
        "image_auroc": 0.5454999804496765,
        "pixel_ap": 0.01889999955892563,
        "normal_count": 21.0,
        "anomaly_count": 57.0
    },
    "hazelnut": {
        "image_auroc": 0.5525000095367432,
        "pixel_ap": 0.020400000736117363,
        "normal_count": 40.0,
        "anomaly_count": 70.0
    },
    "leather": {
        "image_auroc": 0.5187000036239624,
        "pixel_ap": 0.005499999970197678,
        "normal_count": 32.0,
        "anomaly_count": 92.0
    },
    "metal_nut": {
        "image_auroc": 0.5054000020027161,
        "pixel_ap": 0.09529999643564224,
        "normal_count": 22.0,
        "anomaly_count": 93.0
    },
    "pill": {
        "image_auroc": 0.4887999892234802,
        "pixel_ap": 0.026399999856948853,
        "normal_count": 26.0,
        "anomaly_count": 141.0
    },
    "screw": {
        "image_auroc": 0.5006999969482422,
        "pixel_ap": 0.002400000113993883,
        "normal_count": 41.0,
        "anomaly_count": 119.0
    },
    "tile": {
        "image_auroc": 0.6053000092506409,
        "pixel_ap": 0.11980000138282776,
        "normal_count": 33.0,
        "anomaly_count": 84.0
    },
    "toothbrush": {
        "image_auroc": 0.666700005531311,
        "pixel_ap": 0.13420000672340393,
        "normal_count": 12.0,
        "anomaly_count": 30.0
    },
    "transistor": {
        "image_auroc": 0.4004000127315521,
        "pixel_ap": 0.0560000017285347,
        "normal_count": 60.0,
        "anomaly_count": 40.0
    },
    "wood": {
        "image_auroc": 0.6395000219345093,
        "pixel_ap": 0.04639999940991402,
        "normal_count": 19.0,
        "anomaly_count": 60.0
    },
    "zipper": {
        "image_auroc": 0.5593000054359436,
        "pixel_ap": 0.02459999918937683,
        "normal_count": 32.0,
        "anomaly_count": 119.0
    }
}