{
    "bottle": {
        "image_auroc": 0.24050000309944153,
        "pixel_ap": 0.08739999681711197,
        "normal_count": 20.0,
        "anomaly_count": 63.0
    },
    "cable": {
        "image_auroc": 0.48030000925064087,
        "pixel_ap": 0.09510000050067902,
        "normal_count": 58.0,
        "anomaly_count": 92.0
    },
    "capsule": {
        "image_auroc": 0.34299999475479126,
        "pixel_ap": 0.012400000356137753,
        "normal_count": 23.0,
        "anomaly_count": 109.0
    },
    "carpet": {
        "image_auroc": 0.4009000062942505,
        "pixel_ap": 0.18050000071525574,
        "normal_count": 28.0,
        "anomaly_count": 89.0
    },
    "grid": {
        "image_auroc": 0.2615000009536743,
        "pixel_ap": 0.008799999952316284,
        "normal_count": 21.0,
        "anomaly_count": 57.0
    },
    "hazelnut": {
        "image_auroc": 0.3686000108718872,
        "pixel_ap": 0.07999999821186066,
        "normal_count": 40.0,
        "anomaly_count": 70.0
    },
    "leather": {
        "image_auroc": 0.39100000262260437,
        "pixel_ap": 0.011300000362098217,
        "normal_count": 32.0,
        "anomaly_count": 92.0
    },
    "metal_nut": {
        "image_auroc": 0.31279999017715454,
        "pixel_ap": 0.08730000257492065,
        "normal_count": 22.0,
        "anomaly_count": 93.0
    },
    "pill": {
        "image_auroc": 0.40070000290870667,
        "pixel_ap": 0.10419999808073044,
        "normal_count": 26.0,
        "anomaly_count": 141.0
    },
    "screw": {
        "image_auroc": 0.4088999927043915,
        "pixel_ap": 0.0034000000450760126,
        "normal_count": 41.0,
        "anomaly_count": 119.0
    },
    "tile": {
        "image_auroc": 0.7445999979972839,
        "pixel_ap": 0.2054000049829483,
        "normal_count": 33.0,
        "anomaly_count": 84.0
    },
    "toothbrush": {
        "image_auroc": 0.6277999877929688,
        "pixel_ap": 0.11240000277757645,
        "normal_count": 12.0,
        "anomaly_count": 30.0
    },
    "transistor": {
        "image_auroc": 0.4375,
        "pixel_ap": 0.038100000470876694,
        "normal_count": 60.0,
        "anomaly_count": 40.0
    },
    "wood": {
        "image_auroc": 0.6825000047683716,
        "pixel_ap": 0.17970000207424164,
        "normal_count": 19.0,
        "anomaly_count": 60.0
    },
    "zipper": {
        "image_auroc": 0.5985000133514404,
        "pixel_ap": 0.020400000736117363,
        "normal_count": 32.0,
        "anomaly_count": 119.0
    }
}