{
    "continual_ad_Band-aid": {
        "image_auroc": 0.620199978351593,
        "pixel_ap": 0.0044999998062849045,
        "normal_count": 511.0,
        "anomaly_count": 491.0
    },
    "viaduct_45 damper large": {
        "image_auroc": 0.5430999994277954,
        "pixel_ap": 0.009100000374019146,
        "normal_count": 65.0,
        "anomaly_count": 40.0
    },
    "viaduct_48 saw blade": {
        "image_auroc": 0.4580000042915344,
        "pixel_ap": 0.00019999999494757503,
        "normal_count": 50.0,
        "anomaly_count": 20.0
    },
    "viaduct_05 cable end sleeve": {
        "image_auroc": 0.4052000045776367,
        "pixel_ap": 0.0005000000237487257,
        "normal_count": 210.0,
        "anomaly_count": 40.0
    },
    "mpdd_tubes": {
        "image_auroc": 0.5121999979019165,
        "pixel_ap": 0.0066999997943639755,
        "normal_count": 32.0,
        "anomaly_count": 59.0
    }
}