{
    "continual_ad_Band-aid": {
        "image_auroc": 0.4749999940395355,
        "pixel_ap": 0.003800000064074993,
        "normal_count": 511.0,
        "anomaly_count": 491.0
    },
    "viaduct_45 damper large": {
        "image_auroc": 0.5623000264167786,
        "pixel_ap": 0.01679999940097332,
        "normal_count": 65.0,
        "anomaly_count": 40.0
    },
    "viaduct_48 saw blade": {
        "image_auroc": 0.4620000123977661,
        "pixel_ap": 0.00019999999494757503,
        "normal_count": 50.0,
        "anomaly_count": 20.0
    },
    "viaduct_05 cable end sleeve": {
        "image_auroc": 0.4966999888420105,
        "pixel_ap": 0.0005000000237487257,
        "normal_count": 210.0,
        "anomaly_count": 40.0
    },
    "mpdd_tubes": {
        "image_auroc": 0.8252000212669373,
        "pixel_ap": 0.006500000134110451,
        "normal_count": 32.0,
        "anomaly_count": 59.0
    }
}