{
    "continual_ad_Band-aid": {
        "image_auroc": 0.5347999930381775,
        "pixel_ap": 0.010400000028312206,
        "normal_count": 511.0,
        "anomaly_count": 491.0
    },
    "viaduct_45 damper large": {
        "image_auroc": 0.42809998989105225,
        "pixel_ap": 0.0284000001847744,
        "normal_count": 65.0,
        "anomaly_count": 40.0
    },
    "viaduct_48 saw blade": {
        "image_auroc": 0.5080000162124634,
        "pixel_ap": 0.00019999999494757503,
        "normal_count": 50.0,
        "anomaly_count": 20.0
    },
    "viaduct_05 cable end sleeve": {
        "image_auroc": 0.5252000093460083,
        "pixel_ap": 0.0010999999940395355,
        "normal_count": 210.0,
        "anomaly_count": 40.0
    },
    "mpdd_tubes": {
        "image_auroc": 0.3257000148296356,
        "pixel_ap": 0.027400000020861626,
        "normal_count": 32.0,
        "anomaly_count": 59.0
    }
}