{
    "continual_ad_Band-aid": {
        "image_auroc": 0.7027000188827515,
        "pixel_ap": 0.004399999976158142,
        "normal_count": 511.0,
        "anomaly_count": 491.0
    },
    "viaduct_45 damper large": {
        "image_auroc": 0.5400000214576721,
        "pixel_ap": 0.017799999564886093,
        "normal_count": 65.0,
        "anomaly_count": 40.0
    },
    "viaduct_48 saw blade": {
        "image_auroc": 0.4440000057220459,
        "pixel_ap": 0.00019999999494757503,
        "normal_count": 50.0,
        "anomaly_count": 20.0
    },
    "viaduct_05 cable end sleeve": {
        "image_auroc": 0.5,
        "pixel_ap": 0.0005000000237487257,
        "normal_count": 210.0,
        "anomaly_count": 40.0
    },
    "mpdd_tubes": {
        "image_auroc": 0.2345999926328659,
        "pixel_ap": 0.006099999882280827,
        "normal_count": 32.0,
        "anomaly_count": 59.0
    }
}