{
    "continual_ad_Toothpaste": {
        "image_auroc": 0.4839000105857849,
        "pixel_ap": 0.004999999888241291,
        "normal_count": 513.0,
        "anomaly_count": 516.0
    },
    "viaduct_27 L-fitting": {
        "image_auroc": 0.5938000082969666,
        "pixel_ap": 0.005200000014156103,
        "normal_count": 50.0,
        "anomaly_count": 16.0
    },
    "viaduct_24 pan screw": {
        "image_auroc": 0.573199987411499,
        "pixel_ap": 0.013299999758601189,
        "normal_count": 130.0,
        "anomaly_count": 100.0
    },
    "viaduct_07 d-sub connector": {
        "image_auroc": 0.48399999737739563,
        "pixel_ap": 0.002099999925121665,
        "normal_count": 140.0,
        "anomaly_count": 38.0
    },
    "real_iad_rolled_strip_base": {
        "image_auroc": 0.583899974822998,
        "pixel_ap": 0.00419999985024333,
        "normal_count": 2515.0,
        "anomaly_count": 2515.0
    }
}