{
    "continual_ad_Toothpaste": {
        "image_auroc": 0.4083000123500824,
        "pixel_ap": 0.002199999988079071,
        "normal_count": 513.0,
        "anomaly_count": 516.0
    },
    "viaduct_27 L-fitting": {
        "image_auroc": 0.6025000214576721,
        "pixel_ap": 0.0007999999797903001,
        "normal_count": 50.0,
        "anomaly_count": 16.0
    },
    "viaduct_24 pan screw": {
        "image_auroc": 0.5598000288009644,
        "pixel_ap": 0.0005000000237487257,
        "normal_count": 130.0,
        "anomaly_count": 100.0
    },
    "viaduct_07 d-sub connector": {
        "image_auroc": 0.48350000381469727,
        "pixel_ap": 9.999999747378752e-05,
        "normal_count": 140.0,
        "anomaly_count": 38.0
    },
    "real_iad_rolled_strip_base": {
        "image_auroc": 0.49810001254081726,
        "pixel_ap": 0.0015999999595806003,
        "normal_count": 2515.0,
        "anomaly_count": 2515.0
    }
}