{
    "continual_ad_Energy-bar": {
        "image_auroc": 0.5141000151634216,
        "pixel_ap": 0.024000000208616257,
        "normal_count": 329.0,
        "anomaly_count": 542.0
    },
    "continual_ad_Apple": {
        "image_auroc": 0.5209000110626221,
        "pixel_ap": 0.017400000244379044,
        "normal_count": 490.0,
        "anomaly_count": 502.0
    },
    "continual_ad_Kleenex": {
        "image_auroc": 0.5013999938964844,
        "pixel_ap": 0.014100000262260437,
        "normal_count": 480.0,
        "anomaly_count": 519.0
    },
    "continual_ad_Ruler": {
        "image_auroc": 0.3944999873638153,
        "pixel_ap": 0.0013000000035390258,
        "normal_count": 277.0,
        "anomaly_count": 490.0
    },
    "continual_ad_Toothpaste": {
        "image_auroc": 0.37439998984336853,
        "pixel_ap": 0.0020000000949949026,
        "normal_count": 513.0,
        "anomaly_count": 516.0
    },
    "continual_ad_Sunglasses": {
        "image_auroc": 0.5249999761581421,
        "pixel_ap": 0.012799999676644802,
        "normal_count": 499.0,
        "anomaly_count": 572.0
    },
    "continual_ad_Capsule": {
        "image_auroc": 0.4221999943256378,
        "pixel_ap": 0.0026000000070780516,
        "normal_count": 507.0,
        "anomaly_count": 493.0
    },
    "continual_ad_Flash-drive": {
        "image_auroc": 0.4878000020980835,
        "pixel_ap": 0.005100000184029341,
        "normal_count": 522.0,
        "anomaly_count": 495.0
    },
    "continual_ad_Band-aid": {
        "image_auroc": 0.43140000104904175,
        "pixel_ap": 0.0031999999191612005,
        "normal_count": 511.0,
        "anomaly_count": 491.0
    },
    "continual_ad_Cucumber": {
        "image_auroc": 0.45840001106262207,
        "pixel_ap": 0.00430000014603138,
        "normal_count": 505.0,
        "anomaly_count": 507.0
    },
    "continual_ad_Toothbrush": {
        "image_auroc": 0.44600000977516174,
        "pixel_ap": 0.002300000051036477,
        "normal_count": 500.0,
        "anomaly_count": 549.0
    },
    "continual_ad_Soap": {
        "image_auroc": 0.45210000872612,
        "pixel_ap": 0.006399999838322401,
        "normal_count": 394.0,
        "anomaly_count": 787.0
    },
    "continual_ad_Dollar": {
        "image_auroc": 0.5048999786376953,
        "pixel_ap": 0.012199999764561653,
        "normal_count": 391.0,
        "anomaly_count": 494.0
    },
    "continual_ad_Pencil": {
        "image_auroc": 0.45719999074935913,
        "pixel_ap": 0.0013000000035390258,
        "normal_count": 518.0,
        "anomaly_count": 517.0
    },
    "continual_ad_Fork": {
        "image_auroc": 0.3991999924182892,
        "pixel_ap": 0.00430000014603138,
        "normal_count": 537.0,
        "anomaly_count": 507.0
    },
    "continual_ad_Toy": {
        "image_auroc": 0.7468000054359436,
        "pixel_ap": 0.00419999985024333,
        "normal_count": 368.0,
        "anomaly_count": 492.0
    },
    "continual_ad_Multi-pen": {
        "image_auroc": 0.3822000026702881,
        "pixel_ap": 0.0035000001080334187,
        "normal_count": 494.0,
        "anomaly_count": 492.0
    },
    "continual_ad_Chopsticks": {
        "image_auroc": 0.40709999203681946,
        "pixel_ap": 0.006200000178068876,
        "normal_count": 488.0,
        "anomaly_count": 524.0
    },
    "mvtec_leather": {
        "image_auroc": 0.6265000104904175,
        "pixel_ap": 0.008700000122189522,
        "normal_count": 32.0,
        "anomaly_count": 82.0
    },
    "mvtec_hazelnut": {
        "image_auroc": 0.37869998812675476,
        "pixel_ap": 0.015300000086426735,
        "normal_count": 40.0,
        "anomaly_count": 60.0
    },
    "mvtec_pill": {
        "image_auroc": 0.39899998903274536,
        "pixel_ap": 0.025200000032782555,
        "normal_count": 26.0,
        "anomaly_count": 131.0
    },
    "mvtec_wood": {
        "image_auroc": 0.486299991607666,
        "pixel_ap": 0.0544000007212162,
        "normal_count": 19.0,
        "anomaly_count": 50.0
    },
    "mvtec_screw": {
        "image_auroc": 0.541700005531311,
        "pixel_ap": 0.004800000227987766,
        "normal_count": 41.0,
        "anomaly_count": 109.0
    },
    "mvtec_zipper": {
        "image_auroc": 0.5584999918937683,
        "pixel_ap": 0.023499999195337296,
        "normal_count": 32.0,
        "anomaly_count": 109.0
    },
    "mvtec_grid": {
        "image_auroc": 0.27149999141693115,
        "pixel_ap": 0.009999999776482582,
        "normal_count": 21.0,
        "anomaly_count": 47.0
    },
    "mvtec_metal_nut": {
        "image_auroc": 0.4507000148296356,
        "pixel_ap": 0.094200000166893,
        "normal_count": 22.0,
        "anomaly_count": 83.0
    },
    "mvtec_bottle": {
        "image_auroc": 0.32739999890327454,
        "pixel_ap": 0.053300000727176666,
        "normal_count": 20.0,
        "anomaly_count": 53.0
    },
    "visa_pcb4": {
        "image_auroc": 0.5040000081062317,
        "pixel_ap": 0.005100000184029341,
        "normal_count": 101.0,
        "anomaly_count": 90.0
    },
    "visa_candle": {
        "image_auroc": 0.477400004863739,
        "pixel_ap": 0.0010999999940395355,
        "normal_count": 100.0,
        "anomaly_count": 90.0
    },
    "visa_pipe_fryum": {
        "image_auroc": 0.5508999824523926,
        "pixel_ap": 0.014499999582767487,
        "normal_count": 50.0,
        "anomaly_count": 90.0
    },
    "visa_cashew": {
        "image_auroc": 0.4032999873161316,
        "pixel_ap": 0.009800000116229057,
        "normal_count": 50.0,
        "anomaly_count": 90.0
    },
    "visa_chewinggum": {
        "image_auroc": 0.5062000155448914,
        "pixel_ap": 0.004399999976158142,
        "normal_count": 50.0,
        "anomaly_count": 90.0
    },
    "visa_pcb1": {
        "image_auroc": 0.534600019454956,
        "pixel_ap": 0.002899999963119626,
        "normal_count": 100.0,
        "anomaly_count": 90.0
    },
    "visa_macaroni2": {
        "image_auroc": 0.478300005197525,
        "pixel_ap": 0.0006000000284984708,
        "normal_count": 100.0,
        "anomaly_count": 90.0
    },
    "viaduct_10 PCB": {
        "image_auroc": 0.5066999793052673,
        "pixel_ap": 0.000699999975040555,
        "normal_count": 50.0,
        "anomaly_count": 45.0
    },
    "viaduct_43 paperclip": {
        "image_auroc": 0.44179999828338623,
        "pixel_ap": 0.0035000001080334187,
        "normal_count": 110.0,
        "anomaly_count": 63.0
    },
    "viaduct_37 retractor": {
        "image_auroc": 0.5267000198364258,
        "pixel_ap": 0.000699999975040555,
        "normal_count": 180.0,
        "anomaly_count": 65.0
    },
    "viaduct_44 tack": {
        "image_auroc": 0.4339999854564667,
        "pixel_ap": 0.004800000227987766,
        "normal_count": 160.0,
        "anomaly_count": 137.0
    },
    "viaduct_39 self-tapping bolt": {
        "image_auroc": 0.5464000105857849,
        "pixel_ap": 0.007400000002235174,
        "normal_count": 140.0,
        "anomaly_count": 140.0
    },
    "viaduct_12 rotary encoder": {
        "image_auroc": 0.3978999853134155,
        "pixel_ap": 0.0010000000474974513,
        "normal_count": 50.0,
        "anomaly_count": 19.0
    },
    "viaduct_06 coaxial t-adapter": {
        "image_auroc": 0.33469998836517334,
        "pixel_ap": 0.002899999963119626,
        "normal_count": 105.0,
        "anomaly_count": 14.0
    },
    "viaduct_19 strawberry": {
        "image_auroc": 0.6477000117301941,
        "pixel_ap": 0.12530000507831573,
        "normal_count": 175.0,
        "anomaly_count": 135.0
    },
    "viaduct_15 terminal block B": {
        "image_auroc": 0.5062000155448914,
        "pixel_ap": 0.0031999999191612005,
        "normal_count": 65.0,
        "anomaly_count": 50.0
    },
    "viaduct_28 key": {
        "image_auroc": 0.550000011920929,
        "pixel_ap": 0.007199999876320362,
        "normal_count": 90.0,
        "anomaly_count": 30.0
    },