{
    "continual_ad_Energy-bar": {
        "image_auroc": 0.6478999853134155,
        "pixel_ap": 0.0203000009059906,
        "normal_count": 329.0,
        "anomaly_count": 542.0
    },
    "continual_ad_Apple": {
        "image_auroc": 0.5328999757766724,
        "pixel_ap": 0.012600000016391277,
        "normal_count": 490.0,
        "anomaly_count": 502.0
    },
    "continual_ad_Kleenex": {
        "image_auroc": 0.41440001130104065,
        "pixel_ap": 0.010900000110268593,
        "normal_count": 480.0,
        "anomaly_count": 519.0
    },
    "continual_ad_Ruler": {
        "image_auroc": 0.7110999822616577,
        "pixel_ap": 0.0012000000569969416,
        "normal_count": 277.0,
        "anomaly_count": 490.0
    },
    "continual_ad_Toothpaste": {
        "image_auroc": 0.6000999808311462,
        "pixel_ap": 0.0027000000700354576,
        "normal_count": 513.0,
        "anomaly_count": 516.0
    },
    "continual_ad_Sunglasses": {
        "image_auroc": 0.6643000245094299,
        "pixel_ap": 0.017799999564886093,
        "normal_count": 499.0,
        "anomaly_count": 572.0
    },
    "continual_ad_Capsule": {
        "image_auroc": 0.4819999933242798,
        "pixel_ap": 0.00139999995008111,
        "normal_count": 507.0,
        "anomaly_count": 493.0
    },
    "continual_ad_Flash-drive": {
        "image_auroc": 0.5877000093460083,
        "pixel_ap": 0.0038999998942017555,
        "normal_count": 522.0,
        "anomaly_count": 495.0
    },
    "continual_ad_Band-aid": {
        "image_auroc": 0.4544000029563904,
        "pixel_ap": 0.0027000000700354576,
        "normal_count": 511.0,
        "anomaly_count": 491.0
    },
    "continual_ad_Cucumber": {
        "image_auroc": 0.6559000015258789,
        "pixel_ap": 0.00279999990016222,
        "normal_count": 505.0,
        "anomaly_count": 507.0
    },
    "continual_ad_Toothbrush": {
        "image_auroc": 0.6169999837875366,
        "pixel_ap": 0.0035000001080334187,
        "normal_count": 500.0,
        "anomaly_count": 549.0
    },
    "continual_ad_Soap": {
        "image_auroc": 0.58160001039505,
        "pixel_ap": 0.004800000227987766,
        "normal_count": 394.0,
        "anomaly_count": 787.0
    },
    "continual_ad_Dollar": {
        "image_auroc": 0.6322000026702881,
        "pixel_ap": 0.011099999770522118,
        "normal_count": 391.0,
        "anomaly_count": 494.0
    },
    "continual_ad_Pencil": {
        "image_auroc": 0.5263000130653381,
        "pixel_ap": 0.0010000000474974513,
        "normal_count": 518.0,
        "anomaly_count": 517.0
    },
    "continual_ad_Fork": {
        "image_auroc": 0.4950000047683716,
        "pixel_ap": 0.003800000064074993,
        "normal_count": 537.0,
        "anomaly_count": 507.0
    },
    "continual_ad_Toy": {
        "image_auroc": 0.7971000075340271,
        "pixel_ap": 0.005100000184029341,
        "normal_count": 368.0,
        "anomaly_count": 492.0
    },
    "continual_ad_Multi-pen": {
        "image_auroc": 0.6226999759674072,
        "pixel_ap": 0.003599999938160181,
        "normal_count": 494.0,
        "anomaly_count": 492.0
    },
    "continual_ad_Chopsticks": {
        "image_auroc": 0.6421999931335449,
        "pixel_ap": 0.005900000222027302,
        "normal_count": 488.0,
        "anomaly_count": 524.0
    },
    "mvtec_leather": {
        "image_auroc": 0.5041999816894531,
        "pixel_ap": 0.0071000000461936,
        "normal_count": 32.0,
        "anomaly_count": 82.0
    },
    "mvtec_hazelnut": {
        "image_auroc": 0.5263000130653381,
        "pixel_ap": 0.018300000578165054,
        "normal_count": 40.0,
        "anomaly_count": 60.0
    },
    "mvtec_pill": {
        "image_auroc": 0.4968000054359436,
        "pixel_ap": 0.02419999986886978,
        "normal_count": 26.0,
        "anomaly_count": 131.0
    },
    "mvtec_wood": {
        "image_auroc": 0.6189000010490417,
        "pixel_ap": 0.14059999585151672,
        "normal_count": 19.0,
        "anomaly_count": 50.0
    },
    "mvtec_screw": {
        "image_auroc": 0.5680999755859375,
        "pixel_ap": 0.004399999976158142,
        "normal_count": 41.0,
        "anomaly_count": 109.0
    },
    "mvtec_zipper": {
        "image_auroc": 0.7046999931335449,
        "pixel_ap": 0.022199999541044235,
        "normal_count": 32.0,
        "anomaly_count": 109.0
    },
    "mvtec_grid": {
        "image_auroc": 0.5652999877929688,
        "pixel_ap": 0.034699998795986176,
        "normal_count": 21.0,
        "anomaly_count": 47.0
    },
    "mvtec_metal_nut": {
        "image_auroc": 0.34779998660087585,
        "pixel_ap": 0.12080000340938568,
        "normal_count": 22.0,
        "anomaly_count": 83.0
    },
    "mvtec_bottle": {
        "image_auroc": 0.5612999796867371,
        "pixel_ap": 0.03970000147819519,
        "normal_count": 20.0,
        "anomaly_count": 53.0
    },
    "visa_pcb4": {
        "image_auroc": 0.45399999618530273,
        "pixel_ap": 0.003599999938160181,
        "normal_count": 101.0,
        "anomaly_count": 90.0
    },
    "visa_candle": {
        "image_auroc": 0.5267000198364258,
        "pixel_ap": 0.0034000000450760126,
        "normal_count": 100.0,
        "anomaly_count": 90.0
    },
    "visa_pipe_fryum": {
        "image_auroc": 0.5412999987602234,
        "pixel_ap": 0.008999999612569809,
        "normal_count": 50.0,
        "anomaly_count": 90.0
    },
    "visa_cashew": {
        "image_auroc": 0.5338000059127808,
        "pixel_ap": 0.06400000303983688,
        "normal_count": 50.0,
        "anomaly_count": 90.0
    },
    "visa_chewinggum": {
        "image_auroc": 0.5044000148773193,
        "pixel_ap": 0.004999999888241291,
        "normal_count": 50.0,
        "anomaly_count": 90.0
    },
    "visa_pcb1": {
        "image_auroc": 0.6345999836921692,
        "pixel_ap": 0.0031999999191612005,
        "normal_count": 100.0,
        "anomaly_count": 90.0
    },
    "visa_macaroni2": {
        "image_auroc": 0.383899986743927,
        "pixel_ap": 0.000699999975040555,
        "normal_count": 100.0,
        "anomaly_count": 90.0
    },
    "viaduct_10 PCB": {
        "image_auroc": 0.4675999879837036,
        "pixel_ap": 0.0010999999940395355,
        "normal_count": 50.0,
        "anomaly_count": 45.0
    },
    "viaduct_43 paperclip": {
        "image_auroc": 0.3709999918937683,
        "pixel_ap": 0.006200000178068876,
        "normal_count": 110.0,
        "anomaly_count": 63.0
    },
    "viaduct_37 retractor": {
        "image_auroc": 0.4433000087738037,
        "pixel_ap": 0.0031999999191612005,
        "normal_count": 180.0,
        "anomaly_count": 65.0
    },
    "viaduct_44 tack": {
        "image_auroc": 0.37380000948905945,
        "pixel_ap": 0.0024999999441206455,
        "normal_count": 160.0,
        "anomaly_count": 137.0
    },
    "viaduct_39 self-tapping bolt": {
        "image_auroc": 0.4878999888896942,
        "pixel_ap": 0.014499999582767487,
        "normal_count": 140.0,
        "anomaly_count": 140.0
    },
    "viaduct_12 rotary encoder": {
        "image_auroc": 0.4442000091075897,
        "pixel_ap": 0.0008999999845400453,
        "normal_count": 50.0,
        "anomaly_count": 19.0
    },
    "viaduct_06 coaxial t-adapter": {
        "image_auroc": 0.6822999715805054,
        "pixel_ap": 0.04259999841451645,
        "normal_count": 105.0,
        "anomaly_count": 14.0
    },
    "viaduct_19 strawberry": {
        "image_auroc": 0.6420999765396118,
        "pixel_ap": 0.06120000034570694,
        "normal_count": 175.0,
        "anomaly_count": 135.0
    },
    "viaduct_15 terminal block B": {
        "image_auroc": 0.5085999965667725,
        "pixel_ap": 0.0020000000949949026,
        "normal_count": 65.0,
        "anomaly_count": 50.0
    },
    "viaduct_28 key": {
        "image_auroc": 0.40369999408721924,
        "pixel_ap": 0.006899999920278788,
        "normal_count": 90.0,
        "anomaly_count": 30.0
    },