{
    "viaduct_45 damper large": {
        "image_auroc": 0.4219000041484833,
        "pixel_ap": 0.019099999219179153,
        "normal_count": 65.0,
        "anomaly_count": 40.0
    },
    "viaduct_26 hose screw fitting": {
        "image_auroc": 0.3474000096321106,
        "pixel_ap": 0.0024999999441206455,
        "normal_count": 50.0,
        "anomaly_count": 19.0
    },
    "viaduct_24 pan screw": {
        "image_auroc": 0.4375999867916107,
        "pixel_ap": 0.002099999925121665,
        "normal_count": 130.0,
        "anomaly_count": 100.0
    },
    "mpdd_tubes": {
        "image_auroc": 0.70660001039505,
        "pixel_ap": 0.011500000022351742,
        "normal_count": 32.0,
        "anomaly_count": 59.0
    },
    "viaduct_34 oblong pill": {
        "image_auroc": 0.5141000151634216,
        "pixel_ap": 0.0031999999191612005,
        "normal_count": 105.0,
        "anomaly_count": 136.0
    },
    "real_iad_rolled_strip_base": {
        "image_auroc": 0.5105999708175659,
        "pixel_ap": 0.0020000000949949026,
        "normal_count": 2515.0,
        "anomaly_count": 2515.0
    },
    "real_iad_plastic_plug": {
        "image_auroc": 0.45669999718666077,
        "pixel_ap": 0.0006000000284984708,
        "normal_count": 3566.0,
        "anomaly_count": 1409.0
    },
    "real_iad_fire_hood": {
        "image_auroc": 0.46860000491142273,
        "pixel_ap": 0.0007999999797903001,
        "normal_count": 3665.0,
        "anomaly_count": 1340.0
    },
    "real_iad_mint": {
        "image_auroc": 0.5343999862670898,
        "pixel_ap": 0.0008999999845400453,
        "normal_count": 3196.0,
        "anomaly_count": 2089.0
    },
    "real_iad_tape": {
        "image_auroc": 0.5346999764442444,
        "pixel_ap": 0.0013000000035390258,
        "normal_count": 3647.0,
        "anomaly_count": 1433.0
    }
}