{
    "continual_ad_Egg": {
        "image_auroc": 0.45750001072883606,
        "pixel_ap": 0.026900000870227814,
        "normal_count": 662.0,
        "anomaly_count": 491.0
    },
    "viaduct_04 battery tray": {
        "image_auroc": 0.4036000072956085,
        "pixel_ap": 0.0008999999845400453,
        "normal_count": 65.0,
        "anomaly_count": 30.0
    },
    "continual_ad_Eraser": {
        "image_auroc": 0.39800000190734863,
        "pixel_ap": 0.004800000227987766,
        "normal_count": 458.0,
        "anomaly_count": 508.0
    },
    "viaduct_34 oblong pill": {
        "image_auroc": 0.5235000252723694,
        "pixel_ap": 0.002199999988079071,
        "normal_count": 105.0,
        "anomaly_count": 136.0
    },
    "real_iad_audiojack": {
        "image_auroc": 0.4973999857902527,
        "pixel_ap": 0.0015999999595806003,
        "normal_count": 3744.0,
        "anomaly_count": 1286.0
    }
}