{
    "continual_ad_Egg": {
        "image_auroc": 0.7053999900817871,
        "pixel_ap": 0.11339999735355377,
        "normal_count": 662.0,
        "anomaly_count": 491.0
    },
    "viaduct_04 battery tray": {
        "image_auroc": 0.3882000148296356,
        "pixel_ap": 0.002099999925121665,
        "normal_count": 65.0,
        "anomaly_count": 30.0
    },
    "continual_ad_Eraser": {
        "image_auroc": 0.7572000026702881,
        "pixel_ap": 0.023000000044703484,
        "normal_count": 458.0,
        "anomaly_count": 508.0
    },
    "viaduct_34 oblong pill": {
        "image_auroc": 0.44510000944137573,
        "pixel_ap": 0.002199999988079071,
        "normal_count": 105.0,
        "anomaly_count": 136.0
    },
    "real_iad_audiojack": {
        "image_auroc": 0.5141000151634216,
        "pixel_ap": 0.0020000000949949026,
        "normal_count": 3744.0,
        "anomaly_count": 1286.0
    }
}