{
    "continual_ad_Egg": {
        "image_auroc": 0.5849000215530396,
        "pixel_ap": 0.022299999371170998,
        "normal_count": 662.0,
        "anomaly_count": 491.0
    },
    "viaduct_04 battery tray": {
        "image_auroc": 0.4512999951839447,
        "pixel_ap": 0.003000000026077032,
        "normal_count": 65.0,
        "anomaly_count": 30.0
    },
    "continual_ad_Eraser": {
        "image_auroc": 0.4336000084877014,
        "pixel_ap": 0.004100000020116568,
        "normal_count": 458.0,
        "anomaly_count": 508.0
    },
    "viaduct_34 oblong pill": {
        "image_auroc": 0.5867999792098999,
        "pixel_ap": 0.032099999487400055,
        "normal_count": 105.0,
        "anomaly_count": 136.0
    },
    "real_iad_audiojack": {
        "image_auroc": 0.5194000005722046,
        "pixel_ap": 0.002199999988079071,
        "normal_count": 3744.0,
        "anomaly_count": 1286.0
    }
}