{
    "continual_ad_Egg": {
        "image_auroc": 0.5889000296592712,
        "pixel_ap": 0.0674000009894371,
        "normal_count": 662.0,
        "anomaly_count": 491.0
    },
    "viaduct_04 battery tray": {
        "image_auroc": 0.4959000051021576,
        "pixel_ap": 0.0010000000474974513,
        "normal_count": 65.0,
        "anomaly_count": 30.0
    },
    "continual_ad_Eraser": {
        "image_auroc": 0.5038999915122986,
        "pixel_ap": 0.012799999676644802,
        "normal_count": 458.0,
        "anomaly_count": 508.0
    },
    "viaduct_34 oblong pill": {
        "image_auroc": 0.5134999752044678,
        "pixel_ap": 0.0032999999821186066,
        "normal_count": 105.0,
        "anomaly_count": 136.0
    },
    "real_iad_audiojack": {
        "image_auroc": 0.5353999733924866,
        "pixel_ap": 0.002199999988079071,
        "normal_count": 3744.0,
        "anomaly_count": 1286.0
    }
}