{
    "continual_ad_Egg": {
        "image_auroc": 0.39570000767707825,
        "pixel_ap": 0.08820000290870667,
        "normal_count": 662.0,
        "anomaly_count": 491.0
    },
    "viaduct_04 battery tray": {
        "image_auroc": 0.4717999994754791,
        "pixel_ap": 0.0012000000569969416,
        "normal_count": 65.0,
        "anomaly_count": 30.0
    },
    "continual_ad_Eraser": {
        "image_auroc": 0.4609000086784363,
        "pixel_ap": 0.00839999970048666,
        "normal_count": 458.0,
        "anomaly_count": 508.0
    },
    "viaduct_34 oblong pill": {
        "image_auroc": 0.49880000948905945,
        "pixel_ap": 0.006800000090152025,
        "normal_count": 105.0,
        "anomaly_count": 136.0
    },
    "real_iad_audiojack": {
        "image_auroc": 0.5641999840736389,
        "pixel_ap": 0.0012000000569969416,
        "normal_count": 3744.0,
        "anomaly_count": 1286.0
    }
}