{
    "continual_ad_Fork": {
        "image_auroc": 0.5673999786376953,
        "pixel_ap": 0.01640000008046627,
        "normal_count": 537.0,
        "anomaly_count": 507.0
    },
    "viaduct_30 valve handle blue": {
        "image_auroc": 0.3971000015735626,
        "pixel_ap": 0.002199999988079071,
        "normal_count": 50.0,
        "anomaly_count": 14.0
    },
    "viaduct_26 hose screw fitting": {
        "image_auroc": 0.5978999733924866,
        "pixel_ap": 0.01080000028014183,
        "normal_count": 50.0,
        "anomaly_count": 19.0
    },
    "real_iad_regulator": {
        "image_auroc": 0.40070000290870667,
        "pixel_ap": 0.00039999998989515007,
        "normal_count": 4010.0,
        "anomaly_count": 1070.0
    },
    "real_iad_pcb": {
        "image_auroc": 0.4323999881744385,
        "pixel_ap": 0.002099999925121665,
        "normal_count": 2711.0,
        "anomaly_count": 2279.0
    }
}