{
    "continual_ad_Fork": {
        "image_auroc": 0.5576000213623047,
        "pixel_ap": 0.00559999980032444,
        "normal_count": 537.0,
        "anomaly_count": 507.0
    },
    "viaduct_30 valve handle blue": {
        "image_auroc": 0.37860000133514404,
        "pixel_ap": 0.000699999975040555,
        "normal_count": 50.0,
        "anomaly_count": 14.0
    },
    "viaduct_26 hose screw fitting": {
        "image_auroc": 0.6074000000953674,
        "pixel_ap": 0.0026000000070780516,
        "normal_count": 50.0,
        "anomaly_count": 19.0
    },
    "real_iad_regulator": {
        "image_auroc": 0.49320000410079956,
        "pixel_ap": 0.00039999998989515007,
        "normal_count": 4010.0,
        "anomaly_count": 1070.0
    },
    "real_iad_pcb": {
        "image_auroc": 0.37880000472068787,
        "pixel_ap": 0.0010000000474974513,
        "normal_count": 2711.0,
        "anomaly_count": 2279.0
    }
}