{
    "viaduct_41 white tablet": {
        "image_auroc": 0.47440001368522644,
        "pixel_ap": 0.014299999922513962,
        "normal_count": 50.0,
        "anomaly_count": 100.0
    },
    "viaduct_02 shredded corn fine": {
        "image_auroc": 0.5394999980926514,
        "pixel_ap": 0.053599998354911804,
        "normal_count": 110.0,
        "anomaly_count": 133.0
    },
    "continual_ad_Energy-bar": {
        "image_auroc": 0.6241999864578247,
        "pixel_ap": 0.04989999905228615,
        "normal_count": 329.0,
        "anomaly_count": 542.0
    },
    "continual_ad_Mouse": {
        "image_auroc": 0.5845999717712402,
        "pixel_ap": 0.027799999341368675,
        "normal_count": 517.0,
        "anomaly_count": 495.0
    },
    "continual_ad_Egg": {
        "image_auroc": 0.7337999939918518,
        "pixel_ap": 0.05220000073313713,
        "normal_count": 662.0,
        "anomaly_count": 491.0
    },
    "continual_ad_Mango": {
        "image_auroc": 0.6394000053405762,
        "pixel_ap": 0.012500000186264515,
        "normal_count": 456.0,
        "anomaly_count": 491.0
    },
    "viaduct_08 ethernet connector": {
        "image_auroc": 0.4966999888420105,
        "pixel_ap": 0.010300000198185444,
        "normal_count": 50.0,
        "anomaly_count": 30.0
    },
    "viaduct_07 d-sub connector": {
        "image_auroc": 0.5202999711036682,
        "pixel_ap": 0.0010999999940395355,
        "normal_count": 140.0,
        "anomaly_count": 38.0
    },
    "continual_ad_Candy": {
        "image_auroc": 0.38350000977516174,
        "pixel_ap": 0.009600000455975533,
        "normal_count": 517.0,
        "anomaly_count": 490.0
    },
    "real_iad_plastic_nut": {
        "image_auroc": 0.4244000017642975,
        "pixel_ap": 0.0008999999845400453,
        "normal_count": 3754.0,
        "anomaly_count": 1236.0
    }
}