{
    "viaduct_41 white tablet": {
        "image_auroc": 0.5979999899864197,
        "pixel_ap": 0.040800001472234726,
        "normal_count": 50.0,
        "anomaly_count": 100.0
    },
    "viaduct_02 shredded corn fine": {
        "image_auroc": 0.5076000094413757,
        "pixel_ap": 0.01549999974668026,
        "normal_count": 110.0,
        "anomaly_count": 133.0
    },
    "continual_ad_Energy-bar": {
        "image_auroc": 0.5149999856948853,
        "pixel_ap": 0.07000000029802322,
        "normal_count": 329.0,
        "anomaly_count": 542.0
    },
    "continual_ad_Mouse": {
        "image_auroc": 0.6036999821662903,
        "pixel_ap": 0.065700002014637,
        "normal_count": 517.0,
        "anomaly_count": 495.0
    },
    "continual_ad_Egg": {
        "image_auroc": 0.5874999761581421,
        "pixel_ap": 0.1657000035047531,
        "normal_count": 662.0,
        "anomaly_count": 491.0
    },
    "continual_ad_Mango": {
        "image_auroc": 0.6662999987602234,
        "pixel_ap": 0.03280000016093254,
        "normal_count": 456.0,
        "anomaly_count": 491.0
    },
    "viaduct_08 ethernet connector": {
        "image_auroc": 0.5080000162124634,
        "pixel_ap": 0.008299999870359898,
        "normal_count": 50.0,
        "anomaly_count": 30.0
    },
    "viaduct_07 d-sub connector": {
        "image_auroc": 0.6230999827384949,
        "pixel_ap": 0.0017999999690800905,
        "normal_count": 140.0,
        "anomaly_count": 38.0
    },
    "continual_ad_Candy": {
        "image_auroc": 0.38190001249313354,
        "pixel_ap": 0.015300000086426735,
        "normal_count": 517.0,
        "anomaly_count": 490.0
    },
    "real_iad_plastic_nut": {
        "image_auroc": 0.47540000081062317,
        "pixel_ap": 0.0008999999845400453,
        "normal_count": 3754.0,
        "anomaly_count": 1236.0
    }
}