{
    "viaduct_14 terminal block A": {
        "image_auroc": 0.5753999948501587,
        "pixel_ap": 0.00419999985024333,
        "normal_count": 105.0,
        "anomaly_count": 75.0
    },
    "continual_ad_Mouse": {
        "image_auroc": 0.35920000076293945,
        "pixel_ap": 0.020899999886751175,
        "normal_count": 517.0,
        "anomaly_count": 495.0
    },
    "viaduct_00 shredded corn rough": {
        "image_auroc": 0.5375999808311462,
        "pixel_ap": 0.024700000882148743,
        "normal_count": 80.0,
        "anomaly_count": 130.0
    },
    "mpdd_bracket_black": {
        "image_auroc": 0.6173999905586243,
        "pixel_ap": 0.00279999990016222,
        "normal_count": 32.0,
        "anomaly_count": 37.0
    },
    "real_iad_u_block": {
        "image_auroc": 0.4602000117301941,
        "pixel_ap": 0.0007999999797903001,
        "normal_count": 3766.0,
        "anomaly_count": 1204.0
    }
}