{
    "viaduct_14 terminal block A": {
        "image_auroc": 0.4675999879837036,
        "pixel_ap": 0.0032999999821186066,
        "normal_count": 105.0,
        "anomaly_count": 75.0
    },
    "continual_ad_Mouse": {
        "image_auroc": 0.6723999977111816,
        "pixel_ap": 0.0575999990105629,
        "normal_count": 517.0,
        "anomaly_count": 495.0
    },
    "viaduct_00 shredded corn rough": {
        "image_auroc": 0.6049000024795532,
        "pixel_ap": 0.03610000014305115,
        "normal_count": 80.0,
        "anomaly_count": 130.0
    },
    "mpdd_bracket_black": {
        "image_auroc": 0.3301999866962433,
        "pixel_ap": 0.002899999963119626,
        "normal_count": 32.0,
        "anomaly_count": 37.0
    },
    "real_iad_u_block": {
        "image_auroc": 0.57669997215271,
        "pixel_ap": 0.0007999999797903001,
        "normal_count": 3766.0,
        "anomaly_count": 1204.0
    }
}