{
    "viaduct_14 terminal block A": {
        "image_auroc": 0.5304999947547913,
        "pixel_ap": 0.002899999963119626,
        "normal_count": 105.0,
        "anomaly_count": 75.0
    },
    "continual_ad_Mouse": {
        "image_auroc": 0.6078000068664551,
        "pixel_ap": 0.03009999915957451,
        "normal_count": 517.0,
        "anomaly_count": 495.0
    },
    "viaduct_00 shredded corn rough": {
        "image_auroc": 0.5284000039100647,
        "pixel_ap": 0.0364999994635582,
        "normal_count": 80.0,
        "anomaly_count": 130.0
    },
    "mpdd_bracket_black": {
        "image_auroc": 0.4223000109195709,
        "pixel_ap": 0.0024999999441206455,
        "normal_count": 32.0,
        "anomaly_count": 37.0
    },
    "real_iad_u_block": {
        "image_auroc": 0.5552999973297119,
        "pixel_ap": 0.0010999999940395355,
        "normal_count": 3766.0,
        "anomaly_count": 1204.0
    }
}