{
    "viaduct_14 terminal block A": {
        "image_auroc": 0.4171000123023987,
        "pixel_ap": 0.007699999958276749,
        "normal_count": 105.0,
        "anomaly_count": 75.0
    },
    "continual_ad_Mouse": {
        "image_auroc": 0.5385000109672546,
        "pixel_ap": 0.019300000742077827,
        "normal_count": 517.0,
        "anomaly_count": 495.0
    },
    "viaduct_00 shredded corn rough": {
        "image_auroc": 0.43939998745918274,
        "pixel_ap": 0.03449999913573265,
        "normal_count": 80.0,
        "anomaly_count": 130.0
    },
    "mpdd_bracket_black": {
        "image_auroc": 0.5659000277519226,
        "pixel_ap": 0.0017000000225380063,
        "normal_count": 32.0,
        "anomaly_count": 37.0
    },
    "real_iad_u_block": {
        "image_auroc": 0.48489999771118164,
        "pixel_ap": 0.001500000013038516,
        "normal_count": 3766.0,
        "anomaly_count": 1204.0
    }
}