{
    "viaduct_14 terminal block A": {
        "image_auroc": 0.4537000060081482,
        "pixel_ap": 0.002899999963119626,
        "normal_count": 105.0,
        "anomaly_count": 75.0
    },
    "continual_ad_Mouse": {
        "image_auroc": 0.5777000188827515,
        "pixel_ap": 0.0364999994635582,
        "normal_count": 517.0,
        "anomaly_count": 495.0
    },
    "viaduct_00 shredded corn rough": {
        "image_auroc": 0.508400022983551,
        "pixel_ap": 0.06279999762773514,
        "normal_count": 80.0,
        "anomaly_count": 130.0
    },
    "mpdd_bracket_black": {
        "image_auroc": 0.34290000796318054,
        "pixel_ap": 0.0017999999690800905,
        "normal_count": 32.0,
        "anomaly_count": 37.0
    },
    "real_iad_u_block": {
        "image_auroc": 0.4999000132083893,
        "pixel_ap": 0.0008999999845400453,
        "normal_count": 3766.0,
        "anomaly_count": 1204.0
    }
}