{
    "viaduct_14 terminal block A": {
        "image_auroc": 0.5734999775886536,
        "pixel_ap": 0.004699999932199717,
        "normal_count": 105.0,
        "anomaly_count": 75.0
    },
    "continual_ad_Mouse": {
        "image_auroc": 0.5098999738693237,
        "pixel_ap": 0.027300000190734863,
        "normal_count": 517.0,
        "anomaly_count": 495.0
    },
    "viaduct_00 shredded corn rough": {
        "image_auroc": 0.4830000102519989,
        "pixel_ap": 0.019999999552965164,
        "normal_count": 80.0,
        "anomaly_count": 130.0
    },
    "mpdd_bracket_black": {
        "image_auroc": 0.3301999866962433,
        "pixel_ap": 0.0017000000225380063,
        "normal_count": 32.0,
        "anomaly_count": 37.0
    },
    "real_iad_u_block": {
        "image_auroc": 0.5414000153541565,
        "pixel_ap": 0.0017000000225380063,
        "normal_count": 3766.0,
        "anomaly_count": 1204.0
    }
}