{
    "viaduct_30 valve handle blue": {
        "image_auroc": 0.6829000115394592,
        "pixel_ap": 0.004600000102072954,
        "normal_count": 50.0,
        "anomaly_count": 14.0
    },
    "viaduct_08 ethernet connector": {
        "image_auroc": 0.4693000018596649,
        "pixel_ap": 0.0142000000923872,
        "normal_count": 50.0,
        "anomaly_count": 30.0
    },
    "viaduct_43 paperclip": {
        "image_auroc": 0.6601999998092651,
        "pixel_ap": 0.0746999979019165,
        "normal_count": 110.0,
        "anomaly_count": 63.0
    },
    "btad_01": {
        "image_auroc": 0.6789000034332275,
        "pixel_ap": 0.04039999842643738,
        "normal_count": 21.0,
        "anomaly_count": 39.0
    },
    "real_iad_eraser": {
        "image_auroc": 0.49950000643730164,
        "pixel_ap": 0.0010999999940395355,
        "normal_count": 3567.0,
        "anomaly_count": 1478.0
    }
}