{
    "viaduct_30 valve handle blue": {
        "image_auroc": 0.5856999754905701,
        "pixel_ap": 0.0017999999690800905,
        "normal_count": 50.0,
        "anomaly_count": 14.0
    },
    "viaduct_08 ethernet connector": {
        "image_auroc": 0.4627000093460083,
        "pixel_ap": 0.004699999932199717,
        "normal_count": 50.0,
        "anomaly_count": 30.0
    },
    "viaduct_43 paperclip": {
        "image_auroc": 0.661899983882904,
        "pixel_ap": 0.012500000186264515,
        "normal_count": 110.0,
        "anomaly_count": 63.0
    },
    "btad_01": {
        "image_auroc": 0.7459999918937683,
        "pixel_ap": 0.04320000112056732,
        "normal_count": 21.0,
        "anomaly_count": 39.0
    },
    "real_iad_eraser": {
        "image_auroc": 0.5605999827384949,
        "pixel_ap": 0.002199999988079071,
        "normal_count": 3567.0,
        "anomaly_count": 1478.0
    }
}