{
    "viaduct_30 valve handle blue": {
        "image_auroc": 0.49000000953674316,
        "pixel_ap": 0.005499999970197678,
        "normal_count": 50.0,
        "anomaly_count": 14.0
    },
    "viaduct_08 ethernet connector": {
        "image_auroc": 0.49799999594688416,
        "pixel_ap": 0.024800000712275505,
        "normal_count": 50.0,
        "anomaly_count": 30.0
    },
    "viaduct_43 paperclip": {
        "image_auroc": 0.5356000065803528,
        "pixel_ap": 0.08150000125169754,
        "normal_count": 110.0,
        "anomaly_count": 63.0
    },
    "btad_01": {
        "image_auroc": 0.6507999897003174,
        "pixel_ap": 0.052299998700618744,
        "normal_count": 21.0,
        "anomaly_count": 39.0
    },
    "real_iad_eraser": {
        "image_auroc": 0.5400999784469604,
        "pixel_ap": 0.0024999999441206455,
        "normal_count": 3567.0,
        "anomaly_count": 1478.0
    }
}