{
    "viaduct_29 threaded fitting": {
        "image_auroc": 0.4657999873161316,
        "pixel_ap": 0.004800000227987766,
        "normal_count": 90.0,
        "anomaly_count": 62.0
    },
    "continual_ad_Candy": {
        "image_auroc": 0.3799999952316284,
        "pixel_ap": 0.00800000037997961,
        "normal_count": 517.0,
        "anomaly_count": 490.0
    },
    "continual_ad_Calculator": {
        "image_auroc": 0.28839999437332153,
        "pixel_ap": 0.0017000000225380063,
        "normal_count": 506.0,
        "anomaly_count": 500.0
    },
    "viaduct_31 valve handle red": {
        "image_auroc": 0.6596999764442444,
        "pixel_ap": 0.0010000000474974513,
        "normal_count": 45.0,
        "anomaly_count": 16.0
    },
    "continual_ad_Glasses-case": {
        "image_auroc": 0.3919999897480011,
        "pixel_ap": 0.0026000000070780516,
        "normal_count": 501.0,
        "anomaly_count": 549.0
    }
}