{
    "viaduct_46 damper small": {
        "image_auroc": 0.5810999870300293,
        "pixel_ap": 0.042899999767541885,
        "normal_count": 65.0,
        "anomaly_count": 48.0
    },
    "viaduct_36 redon needle": {
        "image_auroc": 0.6552000045776367,
        "pixel_ap": 0.00419999985024333,
        "normal_count": 180.0,
        "anomaly_count": 63.0
    },
    "viaduct_13 socket housing": {
        "image_auroc": 0.4546999931335449,
        "pixel_ap": 0.00559999980032444,
        "normal_count": 65.0,
        "anomaly_count": 52.0
    },
    "viaduct_04 battery tray": {
        "image_auroc": 0.4984999895095825,
        "pixel_ap": 0.0010999999940395355,
        "normal_count": 65.0,
        "anomaly_count": 30.0
    },
    "viaduct_15 terminal block B": {
        "image_auroc": 0.47600001096725464,
        "pixel_ap": 0.00419999985024333,
        "normal_count": 65.0,
        "anomaly_count": 50.0
    },
    "viaduct_37 retractor": {
        "image_auroc": 0.5095000267028809,
        "pixel_ap": 0.018400000408291817,
        "normal_count": 180.0,
        "anomaly_count": 65.0
    },
    "viaduct_02 shredded corn fine": {
        "image_auroc": 0.6503999829292297,
        "pixel_ap": 0.040800001472234726,
        "normal_count": 110.0,
        "anomaly_count": 133.0
    },
    "viaduct_26 hose screw fitting": {
        "image_auroc": 0.4894999861717224,
        "pixel_ap": 0.007300000172108412,
        "normal_count": 50.0,
        "anomaly_count": 19.0
    },
    "viaduct_29 threaded fitting": {
        "image_auroc": 0.4657999873161316,
        "pixel_ap": 0.0010999999940395355,
        "normal_count": 90.0,
        "anomaly_count": 62.0
    },
    "viaduct_23 pipe clamp": {
        "image_auroc": 0.2904999852180481,
        "pixel_ap": 0.007699999958276749,
        "normal_count": 50.0,
        "anomaly_count": 19.0
    },
    "viaduct_18 raspberry": {
        "image_auroc": 0.6019999980926514,
        "pixel_ap": 0.1088000014424324,
        "normal_count": 170.0,
        "anomaly_count": 84.0
    },
    "viaduct_33 drill": {
        "image_auroc": 0.5774999856948853,
        "pixel_ap": 0.006800000090152025,
        "normal_count": 180.0,
        "anomaly_count": 138.0
    },
    "viaduct_09 joystick": {
        "image_auroc": 0.398499995470047,
        "pixel_ap": 0.002199999988079071,
        "normal_count": 65.0,
        "anomaly_count": 41.0
    },
    "viaduct_03 3-pole socket housing": {
        "image_auroc": 0.4553999900817871,
        "pixel_ap": 0.030799999833106995,
        "normal_count": 110.0,
        "anomaly_count": 134.0
    },
    "viaduct_34 oblong pill": {
        "image_auroc": 0.5217999815940857,
        "pixel_ap": 0.0284000001847744,
        "normal_count": 105.0,
        "anomaly_count": 136.0
    },
    "viaduct_10 PCB": {
        "image_auroc": 0.4262000024318695,
        "pixel_ap": 0.002099999925121665,
        "normal_count": 50.0,
        "anomaly_count": 45.0
    },
    "viaduct_40 surgical mask": {
        "image_auroc": 0.5213000178337097,
        "pixel_ap": 0.0006000000284984708,
        "normal_count": 105.0,
        "anomaly_count": 123.0
    },
    "viaduct_05 cable end sleeve": {
        "image_auroc": 0.420199990272522,
        "pixel_ap": 0.004100000020116568,
        "normal_count": 210.0,
        "anomaly_count": 40.0
    },
    "viaduct_12 rotary encoder": {
        "image_auroc": 0.5284000039100647,
        "pixel_ap": 0.004699999932199717,
        "normal_count": 50.0,
        "anomaly_count": 19.0
    },
    "viaduct_42 aluminium plate": {
        "image_auroc": 0.6287000179290771,
        "pixel_ap": 0.015200000256299973,
        "normal_count": 20.0,
        "anomaly_count": 150.0
    },
    "viaduct_45 damper large": {
        "image_auroc": 0.5242000222206116,
        "pixel_ap": 0.07289999723434448,
        "normal_count": 65.0,
        "anomaly_count": 40.0
    },
    "viaduct_00 shredded corn rough": {
        "image_auroc": 0.7063000202178955,
        "pixel_ap": 0.05909999832510948,
        "normal_count": 80.0,
        "anomaly_count": 130.0
    },
    "viaduct_19 strawberry": {
        "image_auroc": 0.8851000070571899,
        "pixel_ap": 0.37549999356269836,
        "normal_count": 175.0,
        "anomaly_count": 135.0
    },
    "viaduct_14 terminal block A": {
        "image_auroc": 0.5698999762535095,
        "pixel_ap": 0.002300000051036477,
        "normal_count": 105.0,
        "anomaly_count": 75.0
    },
    "viaduct_28 key": {
        "image_auroc": 0.3188999891281128,
        "pixel_ap": 0.010400000028312206,
        "normal_count": 90.0,
        "anomaly_count": 30.0
    },
    "viaduct_21 cylinder screw": {
        "image_auroc": 0.49970000982284546,
        "pixel_ap": 0.001500000013038516,
        "normal_count": 180.0,
        "anomaly_count": 22.0
    },
    "viaduct_22 device box": {
        "image_auroc": 0.4632999897003174,
        "pixel_ap": 0.0007999999797903001,
        "normal_count": 50.0,
        "anomaly_count": 36.0
    },
    "viaduct_07 d-sub connector": {
        "image_auroc": 0.4399999976158142,
        "pixel_ap": 0.0005000000237487257,
        "normal_count": 140.0,
        "anomaly_count": 38.0
    },
    "viaduct_01 shredded corn medium": {
        "image_auroc": 0.6941999793052673,
        "pixel_ap": 0.05620000138878822,
        "normal_count": 185.0,
        "anomaly_count": 95.0
    },
    "viaduct_41 white tablet": {
        "image_auroc": 0.521399974822998,
        "pixel_ap": 0.004800000227987766,
        "normal_count": 50.0,
        "anomaly_count": 100.0
    },
    "viaduct_06 coaxial t-adapter": {
        "image_auroc": 0.7523999810218811,
        "pixel_ap": 0.010599999688565731,
        "normal_count": 105.0,
        "anomaly_count": 14.0
    },
    "viaduct_24 pan screw": {
        "image_auroc": 0.48019999265670776,
        "pixel_ap": 0.000699999975040555,
        "normal_count": 130.0,
        "anomaly_count": 100.0
    },
    "btad_02": {
        "image_auroc": 0.7060999870300293,
        "pixel_ap": 0.3723999857902527,
        "normal_count": 30.0,
        "anomaly_count": 190.0
    },
    "btad_03": {
        "image_auroc": 0.5648000240325928,
        "pixel_ap": 0.14710000157356262,
        "normal_count": 400.0,
        "anomaly_count": 31.0
    },
    "mpdd_connector": {
        "image_auroc": 0.516700029373169,
        "pixel_ap": 0.003599999938160181,
        "normal_count": 30.0,
        "anomaly_count": 4.0
    },
    "mpdd_tubes": {
        "image_auroc": 0.38510000705718994,
        "pixel_ap": 0.01899999938905239,
        "normal_count": 32.0,
        "anomaly_count": 59.0
    },
    "mpdd_bracket_brown": {
        "image_auroc": 0.524399995803833,
        "pixel_ap": 0.014800000004470348,
        "normal_count": 26.0,
        "anomaly_count": 41.0
    },
    "mpdd_bracket_black": {
        "image_auroc": 0.2720000147819519,
        "pixel_ap": 0.0010000000474974513,
        "normal_count": 32.0,
        "anomaly_count": 37.0
    },
    "real_iad_sim_card_set": {
        "image_auroc": 0.5066999793052673,
        "pixel_ap": 0.00279999990016222,
        "normal_count": 2951.0,
        "anomaly_count": 2059.0
    },
    "real_iad_terminalblock": {
        "image_auroc": 0.5343000292778015,
        "pixel_ap": 0.0017000000225380063,
        "normal_count": 3032.0,
        "anomaly_count": 1998.0
    },
    "real_iad_switch": {
        "image_auroc": 0.47760000824928284,
        "pixel_ap": 0.004000000189989805,
        "normal_count": 3046.0,
        "anomaly_count": 1984.0
    },
    "real_iad_bottle_cap": {
        "image_auroc": 0.5515999794006348,
        "pixel_ap": 0.010700000450015068,
        "normal_count": 3374.0,
        "anomaly_count": 1621.0
    },
    "real_iad_transistor1": {
        "image_auroc": 0.4708000123500824,
        "pixel_ap": 0.07890000194311142,
        "normal_count": 2873.0,
        "anomaly_count": 2107.0
    },