{
    "viaduct_46 damper small": {
        "image_auroc": 0.6333000063896179,
        "pixel_ap": 0.0026000000070780516,
        "normal_count": 65.0,
        "anomaly_count": 48.0
    },
    "viaduct_36 redon needle": {
        "image_auroc": 0.708899974822998,
        "pixel_ap": 0.0010999999940395355,
        "normal_count": 180.0,
        "anomaly_count": 63.0
    },
    "viaduct_13 socket housing": {
        "image_auroc": 0.4449999928474426,
        "pixel_ap": 0.003000000026077032,
        "normal_count": 65.0,
        "anomaly_count": 52.0
    },
    "viaduct_04 battery tray": {
        "image_auroc": 0.4359000027179718,
        "pixel_ap": 0.000699999975040555,
        "normal_count": 65.0,
        "anomaly_count": 30.0
    },
    "viaduct_15 terminal block B": {
        "image_auroc": 0.5849000215530396,
        "pixel_ap": 0.0017999999690800905,
        "normal_count": 65.0,
        "anomaly_count": 50.0
    },
    "viaduct_37 retractor": {
        "image_auroc": 0.5117999911308289,
        "pixel_ap": 0.002099999925121665,
        "normal_count": 180.0,
        "anomaly_count": 65.0
    },
    "viaduct_02 shredded corn fine": {
        "image_auroc": 0.6000000238418579,
        "pixel_ap": 0.05609999969601631,
        "normal_count": 110.0,
        "anomaly_count": 133.0
    },
    "viaduct_26 hose screw fitting": {
        "image_auroc": 0.5062999725341797,
        "pixel_ap": 0.0017000000225380063,
        "normal_count": 50.0,
        "anomaly_count": 19.0
    },
    "viaduct_29 threaded fitting": {
        "image_auroc": 0.45899999141693115,
        "pixel_ap": 0.0008999999845400453,
        "normal_count": 90.0,
        "anomaly_count": 62.0
    },
    "viaduct_23 pipe clamp": {
        "image_auroc": 0.27790001034736633,
        "pixel_ap": 0.004100000020116568,
        "normal_count": 50.0,
        "anomaly_count": 19.0
    },
    "viaduct_18 raspberry": {
        "image_auroc": 0.6103000044822693,
        "pixel_ap": 0.015399999916553497,
        "normal_count": 170.0,
        "anomaly_count": 84.0
    },
    "viaduct_33 drill": {
        "image_auroc": 0.6111999750137329,
        "pixel_ap": 0.00139999995008111,
        "normal_count": 180.0,
        "anomaly_count": 138.0
    },
    "viaduct_09 joystick": {
        "image_auroc": 0.4927000105381012,
        "pixel_ap": 0.0017000000225380063,
        "normal_count": 65.0,
        "anomaly_count": 41.0
    },
    "viaduct_03 3-pole socket housing": {
        "image_auroc": 0.5188999772071838,
        "pixel_ap": 0.008200000040233135,
        "normal_count": 110.0,
        "anomaly_count": 134.0
    },
    "viaduct_34 oblong pill": {
        "image_auroc": 0.4797999858856201,
        "pixel_ap": 0.0019000000320374966,
        "normal_count": 105.0,
        "anomaly_count": 136.0
    },
    "viaduct_10 PCB": {
        "image_auroc": 0.5928999781608582,
        "pixel_ap": 0.0010000000474974513,
        "normal_count": 50.0,
        "anomaly_count": 45.0
    },
    "viaduct_40 surgical mask": {
        "image_auroc": 0.4787999987602234,
        "pixel_ap": 0.00019999999494757503,
        "normal_count": 105.0,
        "anomaly_count": 123.0
    },
    "viaduct_05 cable end sleeve": {
        "image_auroc": 0.3824999928474426,
        "pixel_ap": 0.0010000000474974513,
        "normal_count": 210.0,
        "anomaly_count": 40.0
    },
    "viaduct_12 rotary encoder": {
        "image_auroc": 0.32839998602867126,
        "pixel_ap": 0.0013000000035390258,
        "normal_count": 50.0,
        "anomaly_count": 19.0
    },
    "viaduct_42 aluminium plate": {
        "image_auroc": 0.628000020980835,
        "pixel_ap": 0.006500000134110451,
        "normal_count": 20.0,
        "anomaly_count": 150.0
    },
    "viaduct_45 damper large": {
        "image_auroc": 0.49459999799728394,
        "pixel_ap": 0.011099999770522118,
        "normal_count": 65.0,
        "anomaly_count": 40.0
    },
    "viaduct_00 shredded corn rough": {
        "image_auroc": 0.6373999714851379,
        "pixel_ap": 0.06350000202655792,
        "normal_count": 80.0,
        "anomaly_count": 130.0
    },
    "viaduct_19 strawberry": {
        "image_auroc": 0.604200005531311,
        "pixel_ap": 0.02630000002682209,
        "normal_count": 175.0,
        "anomaly_count": 135.0
    },
    "viaduct_14 terminal block A": {
        "image_auroc": 0.4650999903678894,
        "pixel_ap": 0.0015999999595806003,
        "normal_count": 105.0,
        "anomaly_count": 75.0
    },
    "viaduct_28 key": {
        "image_auroc": 0.25440001487731934,
        "pixel_ap": 0.010400000028312206,
        "normal_count": 90.0,
        "anomaly_count": 30.0
    },
    "viaduct_21 cylinder screw": {
        "image_auroc": 0.46869999170303345,
        "pixel_ap": 0.0007999999797903001,
        "normal_count": 180.0,
        "anomaly_count": 22.0
    },
    "viaduct_22 device box": {
        "image_auroc": 0.5228000283241272,
        "pixel_ap": 0.00019999999494757503,
        "normal_count": 50.0,
        "anomaly_count": 36.0
    },
    "viaduct_07 d-sub connector": {
        "image_auroc": 0.4309999942779541,
        "pixel_ap": 0.00019999999494757503,
        "normal_count": 140.0,
        "anomaly_count": 38.0
    },
    "viaduct_01 shredded corn medium": {
        "image_auroc": 0.6736000180244446,
        "pixel_ap": 0.054999999701976776,
        "normal_count": 185.0,
        "anomaly_count": 95.0
    },
    "viaduct_41 white tablet": {
        "image_auroc": 0.5400000214576721,
        "pixel_ap": 0.002899999963119626,
        "normal_count": 50.0,
        "anomaly_count": 100.0
    },
    "viaduct_06 coaxial t-adapter": {
        "image_auroc": 0.5449000000953674,
        "pixel_ap": 0.0020000000949949026,
        "normal_count": 105.0,
        "anomaly_count": 14.0
    },
    "viaduct_24 pan screw": {
        "image_auroc": 0.59170001745224,
        "pixel_ap": 0.00039999998989515007,
        "normal_count": 130.0,
        "anomaly_count": 100.0
    },
    "btad_02": {
        "image_auroc": 0.43209999799728394,
        "pixel_ap": 0.2904999852180481,
        "normal_count": 30.0,
        "anomaly_count": 190.0
    },
    "btad_03": {
        "image_auroc": 0.6746000051498413,
        "pixel_ap": 0.01140000019222498,
        "normal_count": 400.0,
        "anomaly_count": 31.0
    },
    "mpdd_connector": {
        "image_auroc": 0.574999988079071,
        "pixel_ap": 0.002400000113993883,
        "normal_count": 30.0,
        "anomaly_count": 4.0
    },
    "mpdd_tubes": {
        "image_auroc": 0.40470001101493835,
        "pixel_ap": 0.010099999606609344,
        "normal_count": 32.0,
        "anomaly_count": 59.0
    },
    "mpdd_bracket_brown": {
        "image_auroc": 0.45590001344680786,
        "pixel_ap": 0.030700000002980232,
        "normal_count": 26.0,
        "anomaly_count": 41.0
    },
    "mpdd_bracket_black": {
        "image_auroc": 0.36570000648498535,
        "pixel_ap": 0.0007999999797903001,
        "normal_count": 32.0,
        "anomaly_count": 37.0
    },
    "real_iad_sim_card_set": {
        "image_auroc": 0.5078999996185303,
        "pixel_ap": 0.0012000000569969416,
        "normal_count": 2951.0,
        "anomaly_count": 2059.0
    },
    "real_iad_terminalblock": {
        "image_auroc": 0.4803999960422516,
        "pixel_ap": 0.0005000000237487257,
        "normal_count": 3032.0,
        "anomaly_count": 1998.0
    },
    "real_iad_switch": {
        "image_auroc": 0.6033999919891357,
        "pixel_ap": 0.0017000000225380063,
        "normal_count": 3046.0,
        "anomaly_count": 1984.0
    },
    "real_iad_bottle_cap": {
        "image_auroc": 0.5327000021934509,
        "pixel_ap": 0.0005000000237487257,
        "normal_count": 3374.0,
        "anomaly_count": 1621.0
    },
    "real_iad_transistor1": {
        "image_auroc": 0.579200029373169,
        "pixel_ap": 0.0020000000949949026,
        "normal_count": 2873.0,
        "anomaly_count": 2107.0
    },