{
    "continual_ad_Eraser": {
        "image_auroc": 0.599399983882904,
        "pixel_ap": 0.00559999980032444,
        "normal_count": 458.0,
        "anomaly_count": 508.0
    },
    "viaduct_47 mains tester": {
        "image_auroc": 0.44999998807907104,
        "pixel_ap": 9.999999747378752e-05,
        "normal_count": 50.0,
        "anomaly_count": 20.0
    },
    "continual_ad_Egg": {
        "image_auroc": 0.40529999136924744,
        "pixel_ap": 0.027899999171495438,
        "normal_count": 662.0,
        "anomaly_count": 491.0
    },
    "viaduct_08 ethernet connector": {
        "image_auroc": 0.43470001220703125,
        "pixel_ap": 0.0032999999821186066,
        "normal_count": 50.0,
        "anomaly_count": 30.0
    },
    "real_iad_usb": {
        "image_auroc": 0.48840001225471497,
        "pixel_ap": 0.0012000000569969416,
        "normal_count": 3286.0,
        "anomaly_count": 1744.0
    }
}