{
    "continual_ad_Eraser": {
        "image_auroc": 0.6930999755859375,
        "pixel_ap": 0.005499999970197678,
        "normal_count": 458.0,
        "anomaly_count": 508.0
    },
    "viaduct_47 mains tester": {
        "image_auroc": 0.5860000252723694,
        "pixel_ap": 9.999999747378752e-05,
        "normal_count": 50.0,
        "anomaly_count": 20.0
    },
    "continual_ad_Egg": {
        "image_auroc": 0.5407999753952026,
        "pixel_ap": 0.04650000110268593,
        "normal_count": 662.0,
        "anomaly_count": 491.0
    },
    "viaduct_08 ethernet connector": {
        "image_auroc": 0.4880000054836273,
        "pixel_ap": 0.0024999999441206455,
        "normal_count": 50.0,
        "anomaly_count": 30.0
    },
    "real_iad_usb": {
        "image_auroc": 0.49070000648498535,
        "pixel_ap": 0.00139999995008111,
        "normal_count": 3286.0,
        "anomaly_count": 1744.0
    }
}