{
    "viaduct_46 damper small": {
        "image_auroc": 0.7817000150680542,
        "pixel_ap": 0.0032999999821186066,
        "normal_count": 65.0,
        "anomaly_count": 48.0
    },
    "viaduct_36 redon needle": {
        "image_auroc": 0.6079000234603882,
        "pixel_ap": 0.0034000000450760126,
        "normal_count": 180.0,
        "anomaly_count": 63.0
    },
    "viaduct_13 socket housing": {
        "image_auroc": 0.3935000002384186,
        "pixel_ap": 0.009700000286102295,
        "normal_count": 65.0,
        "anomaly_count": 52.0
    },
    "viaduct_04 battery tray": {
        "image_auroc": 0.5404999852180481,
        "pixel_ap": 0.001500000013038516,
        "normal_count": 65.0,
        "anomaly_count": 30.0
    },
    "viaduct_15 terminal block B": {
        "image_auroc": 0.45260000228881836,
        "pixel_ap": 0.002400000113993883,
        "normal_count": 65.0,
        "anomaly_count": 50.0
    },
    "viaduct_37 retractor": {
        "image_auroc": 0.586899995803833,
        "pixel_ap": 0.008200000040233135,
        "normal_count": 180.0,
        "anomaly_count": 65.0
    },
    "viaduct_02 shredded corn fine": {
        "image_auroc": 0.445499986410141,
        "pixel_ap": 0.03750000149011612,
        "normal_count": 110.0,
        "anomaly_count": 133.0
    },
    "viaduct_26 hose screw fitting": {
        "image_auroc": 0.5315999984741211,
        "pixel_ap": 0.0017999999690800905,
        "normal_count": 50.0,
        "anomaly_count": 19.0
    },
    "viaduct_29 threaded fitting": {
        "image_auroc": 0.4546999931335449,
        "pixel_ap": 0.001500000013038516,
        "normal_count": 90.0,
        "anomaly_count": 62.0
    },
    "viaduct_23 pipe clamp": {
        "image_auroc": 0.3894999921321869,
        "pixel_ap": 0.004800000227987766,
        "normal_count": 50.0,
        "anomaly_count": 19.0
    },
    "viaduct_18 raspberry": {
        "image_auroc": 0.7123000025749207,
        "pixel_ap": 0.12540000677108765,
        "normal_count": 170.0,
        "anomaly_count": 84.0
    },
    "viaduct_33 drill": {
        "image_auroc": 0.6082000136375427,
        "pixel_ap": 0.008899999782443047,
        "normal_count": 180.0,
        "anomaly_count": 138.0
    },
    "viaduct_09 joystick": {
        "image_auroc": 0.6308000087738037,
        "pixel_ap": 0.00570000009611249,
        "normal_count": 65.0,
        "anomaly_count": 41.0
    },
    "viaduct_03 3-pole socket housing": {
        "image_auroc": 0.5558000206947327,
        "pixel_ap": 0.02419999986886978,
        "normal_count": 110.0,
        "anomaly_count": 134.0
    },
    "viaduct_34 oblong pill": {
        "image_auroc": 0.5412999987602234,
        "pixel_ap": 0.016200000420212746,
        "normal_count": 105.0,
        "anomaly_count": 136.0
    },
    "viaduct_10 PCB": {
        "image_auroc": 0.3716000020503998,
        "pixel_ap": 0.0027000000700354576,
        "normal_count": 50.0,
        "anomaly_count": 45.0
    },
    "viaduct_40 surgical mask": {
        "image_auroc": 0.4900999963283539,
        "pixel_ap": 0.0003000000142492354,
        "normal_count": 105.0,
        "anomaly_count": 123.0
    },
    "viaduct_05 cable end sleeve": {
        "image_auroc": 0.38960000872612,
        "pixel_ap": 0.0017000000225380063,
        "normal_count": 210.0,
        "anomaly_count": 40.0
    },
    "viaduct_12 rotary encoder": {
        "image_auroc": 0.5011000037193298,
        "pixel_ap": 0.008299999870359898,
        "normal_count": 50.0,
        "anomaly_count": 19.0
    },
    "viaduct_42 aluminium plate": {
        "image_auroc": 0.5640000104904175,
        "pixel_ap": 0.007600000128149986,
        "normal_count": 20.0,
        "anomaly_count": 150.0
    },
    "viaduct_45 damper large": {
        "image_auroc": 0.4812000095844269,
        "pixel_ap": 0.05460000038146973,
        "normal_count": 65.0,
        "anomaly_count": 40.0
    },
    "viaduct_00 shredded corn rough": {
        "image_auroc": 0.508899986743927,
        "pixel_ap": 0.045099999755620956,
        "normal_count": 80.0,
        "anomaly_count": 130.0
    },
    "viaduct_19 strawberry": {
        "image_auroc": 0.741599977016449,
        "pixel_ap": 0.24279999732971191,
        "normal_count": 175.0,
        "anomaly_count": 135.0
    },
    "viaduct_14 terminal block A": {
        "image_auroc": 0.5575000047683716,
        "pixel_ap": 0.004000000189989805,
        "normal_count": 105.0,
        "anomaly_count": 75.0
    },
    "viaduct_28 key": {
        "image_auroc": 0.43810001015663147,
        "pixel_ap": 0.010700000450015068,
        "normal_count": 90.0,
        "anomaly_count": 30.0
    },
    "viaduct_21 cylinder screw": {
        "image_auroc": 0.5009999871253967,
        "pixel_ap": 0.001500000013038516,
        "normal_count": 180.0,
        "anomaly_count": 22.0
    },
    "viaduct_22 device box": {
        "image_auroc": 0.5144000053405762,
        "pixel_ap": 0.0010999999940395355,
        "normal_count": 50.0,
        "anomaly_count": 36.0
    },
    "viaduct_07 d-sub connector": {
        "image_auroc": 0.453900009393692,
        "pixel_ap": 0.004000000189989805,
        "normal_count": 140.0,
        "anomaly_count": 38.0
    },
    "viaduct_01 shredded corn medium": {
        "image_auroc": 0.6021999716758728,
        "pixel_ap": 0.028999999165534973,
        "normal_count": 185.0,
        "anomaly_count": 95.0
    },
    "viaduct_41 white tablet": {
        "image_auroc": 0.5267999768257141,
        "pixel_ap": 0.006000000052154064,
        "normal_count": 50.0,
        "anomaly_count": 100.0
    },
    "viaduct_06 coaxial t-adapter": {
        "image_auroc": 0.7843999862670898,
        "pixel_ap": 0.03819999843835831,
        "normal_count": 105.0,
        "anomaly_count": 14.0
    },
    "viaduct_24 pan screw": {
        "image_auroc": 0.5577999949455261,
        "pixel_ap": 0.00039999998989515007,
        "normal_count": 130.0,
        "anomaly_count": 100.0
    },
    "btad_02": {
        "image_auroc": 0.40700000524520874,
        "pixel_ap": 0.053599998354911804,
        "normal_count": 30.0,
        "anomaly_count": 190.0
    },
    "btad_03": {
        "image_auroc": 0.6402999758720398,
        "pixel_ap": 0.01720000058412552,
        "normal_count": 400.0,
        "anomaly_count": 31.0
    },
    "mpdd_connector": {
        "image_auroc": 0.641700029373169,
        "pixel_ap": 0.0020000000949949026,
        "normal_count": 30.0,
        "anomaly_count": 4.0
    },
    "mpdd_tubes": {
        "image_auroc": 0.6043000221252441,
        "pixel_ap": 0.010300000198185444,
        "normal_count": 32.0,
        "anomaly_count": 59.0
    },
    "mpdd_bracket_brown": {
        "image_auroc": 0.4408999979496002,
        "pixel_ap": 0.017100000753998756,
        "normal_count": 26.0,
        "anomaly_count": 41.0
    },
    "mpdd_bracket_black": {
        "image_auroc": 0.6317999958992004,
        "pixel_ap": 0.0007999999797903001,
        "normal_count": 32.0,
        "anomaly_count": 37.0
    },
    "real_iad_sim_card_set": {
        "image_auroc": 0.4799000024795532,
        "pixel_ap": 0.002300000051036477,
        "normal_count": 2951.0,
        "anomaly_count": 2059.0
    },
    "real_iad_terminalblock": {
        "image_auroc": 0.5454999804496765,
        "pixel_ap": 0.0010000000474974513,
        "normal_count": 3032.0,
        "anomaly_count": 1998.0
    },
    "real_iad_switch": {
        "image_auroc": 0.4586000144481659,
        "pixel_ap": 0.006899999920278788,
        "normal_count": 3046.0,
        "anomaly_count": 1984.0
    },
    "real_iad_bottle_cap": {
        "image_auroc": 0.4431000053882599,
        "pixel_ap": 0.0015999999595806003,
        "normal_count": 3374.0,
        "anomaly_count": 1621.0
    },
    "real_iad_transistor1": {
        "image_auroc": 0.5267000198364258,
        "pixel_ap": 0.019999999552965164,
        "normal_count": 2873.0,
        "anomaly_count": 2107.0
    },