{
    "viaduct_46 damper small": {
        "image_auroc": 0.550000011920929,
        "pixel_ap": 0.11060000211000443,
        "normal_count": 65.0,
        "anomaly_count": 48.0
    },
    "viaduct_36 redon needle": {
        "image_auroc": 0.5493999719619751,
        "pixel_ap": 0.010900000110268593,
        "normal_count": 180.0,
        "anomaly_count": 63.0
    },
    "viaduct_13 socket housing": {
        "image_auroc": 0.5145000219345093,
        "pixel_ap": 0.011300000362098217,
        "normal_count": 65.0,
        "anomaly_count": 52.0
    },
    "viaduct_04 battery tray": {
        "image_auroc": 0.522599995136261,
        "pixel_ap": 0.002899999963119626,
        "normal_count": 65.0,
        "anomaly_count": 30.0
    },
    "viaduct_15 terminal block B": {
        "image_auroc": 0.499099999666214,
        "pixel_ap": 0.007699999958276749,
        "normal_count": 65.0,
        "anomaly_count": 50.0
    },
    "viaduct_37 retractor": {
        "image_auroc": 0.49619999527931213,
        "pixel_ap": 0.014700000174343586,
        "normal_count": 180.0,
        "anomaly_count": 65.0
    },
    "viaduct_02 shredded corn fine": {
        "image_auroc": 0.5841000080108643,
        "pixel_ap": 0.0406000018119812,
        "normal_count": 110.0,
        "anomaly_count": 133.0
    },
    "viaduct_26 hose screw fitting": {
        "image_auroc": 0.44839999079704285,
        "pixel_ap": 0.0071000000461936,
        "normal_count": 50.0,
        "anomaly_count": 19.0
    },
    "viaduct_29 threaded fitting": {
        "image_auroc": 0.4666999876499176,
        "pixel_ap": 0.007499999832361937,
        "normal_count": 90.0,
        "anomaly_count": 62.0
    },
    "viaduct_23 pipe clamp": {
        "image_auroc": 0.5705000162124634,
        "pixel_ap": 0.015599999576807022,
        "normal_count": 50.0,
        "anomaly_count": 19.0
    },
    "viaduct_18 raspberry": {
        "image_auroc": 0.5806999802589417,
        "pixel_ap": 0.0723000019788742,
        "normal_count": 170.0,
        "anomaly_count": 84.0
    },
    "viaduct_33 drill": {
        "image_auroc": 0.42820000648498535,
        "pixel_ap": 0.006399999838322401,
        "normal_count": 180.0,
        "anomaly_count": 138.0
    },
    "viaduct_09 joystick": {
        "image_auroc": 0.5192999839782715,
        "pixel_ap": 0.010700000450015068,
        "normal_count": 65.0,
        "anomaly_count": 41.0
    },
    "viaduct_03 3-pole socket housing": {
        "image_auroc": 0.4880000054836273,
        "pixel_ap": 0.04560000076889992,
        "normal_count": 110.0,
        "anomaly_count": 134.0
    },
    "viaduct_34 oblong pill": {
        "image_auroc": 0.4864000082015991,
        "pixel_ap": 0.016300000250339508,
        "normal_count": 105.0,
        "anomaly_count": 136.0
    },
    "viaduct_10 PCB": {
        "image_auroc": 0.5004000067710876,
        "pixel_ap": 0.0034000000450760126,
        "normal_count": 50.0,
        "anomaly_count": 45.0
    },
    "viaduct_40 surgical mask": {
        "image_auroc": 0.499099999666214,
        "pixel_ap": 0.000699999975040555,
        "normal_count": 105.0,
        "anomaly_count": 123.0
    },
    "viaduct_05 cable end sleeve": {
        "image_auroc": 0.46869999170303345,
        "pixel_ap": 0.006399999838322401,
        "normal_count": 210.0,
        "anomaly_count": 40.0
    },
    "viaduct_12 rotary encoder": {
        "image_auroc": 0.45159998536109924,
        "pixel_ap": 0.03280000016093254,
        "normal_count": 50.0,
        "anomaly_count": 19.0
    },
    "viaduct_42 aluminium plate": {
        "image_auroc": 0.4302999973297119,
        "pixel_ap": 0.008200000040233135,
        "normal_count": 20.0,
        "anomaly_count": 150.0
    },
    "viaduct_45 damper large": {
        "image_auroc": 0.44119998812675476,
        "pixel_ap": 0.06989999860525131,
        "normal_count": 65.0,
        "anomaly_count": 40.0
    },
    "viaduct_00 shredded corn rough": {
        "image_auroc": 0.6252999901771545,
        "pixel_ap": 0.049300000071525574,
        "normal_count": 80.0,
        "anomaly_count": 130.0
    },
    "viaduct_19 strawberry": {
        "image_auroc": 0.5964999794960022,
        "pixel_ap": 0.20200000703334808,
        "normal_count": 175.0,
        "anomaly_count": 135.0
    },
    "viaduct_14 terminal block A": {
        "image_auroc": 0.5194000005722046,
        "pixel_ap": 0.0044999998062849045,
        "normal_count": 105.0,
        "anomaly_count": 75.0
    },
    "viaduct_28 key": {
        "image_auroc": 0.3880999982357025,
        "pixel_ap": 0.0551999993622303,
        "normal_count": 90.0,
        "anomaly_count": 30.0
    },
    "viaduct_21 cylinder screw": {
        "image_auroc": 0.580299973487854,
        "pixel_ap": 0.006800000090152025,
        "normal_count": 180.0,
        "anomaly_count": 22.0
    },
    "viaduct_22 device box": {
        "image_auroc": 0.40389999747276306,
        "pixel_ap": 0.0006000000284984708,
        "normal_count": 50.0,
        "anomaly_count": 36.0
    },
    "viaduct_07 d-sub connector": {
        "image_auroc": 0.43529999256134033,
        "pixel_ap": 0.0007999999797903001,
        "normal_count": 140.0,
        "anomaly_count": 38.0
    },
    "viaduct_01 shredded corn medium": {
        "image_auroc": 0.6306999921798706,
        "pixel_ap": 0.0357000008225441,
        "normal_count": 185.0,
        "anomaly_count": 95.0
    },
    "viaduct_41 white tablet": {
        "image_auroc": 0.4212000072002411,
        "pixel_ap": 0.004800000227987766,
        "normal_count": 50.0,
        "anomaly_count": 100.0
    },
    "viaduct_06 coaxial t-adapter": {
        "image_auroc": 0.7102000117301941,
        "pixel_ap": 0.04390000179409981,
        "normal_count": 105.0,
        "anomaly_count": 14.0
    },
    "viaduct_24 pan screw": {
        "image_auroc": 0.5440999865531921,
        "pixel_ap": 0.00989999994635582,
        "normal_count": 130.0,
        "anomaly_count": 100.0
    },
    "btad_02": {
        "image_auroc": 0.7293000221252441,
        "pixel_ap": 0.33799999952316284,
        "normal_count": 30.0,
        "anomaly_count": 190.0
    },
    "btad_03": {
        "image_auroc": 0.8116999864578247,
        "pixel_ap": 0.08049999922513962,
        "normal_count": 400.0,
        "anomaly_count": 31.0
    },
    "mpdd_connector": {
        "image_auroc": 0.7250000238418579,
        "pixel_ap": 0.019500000402331352,
        "normal_count": 30.0,
        "anomaly_count": 4.0
    },
    "mpdd_tubes": {
        "image_auroc": 0.7160999774932861,
        "pixel_ap": 0.018200000748038292,
        "normal_count": 32.0,
        "anomaly_count": 59.0
    },
    "mpdd_bracket_brown": {
        "image_auroc": 0.4821999967098236,
        "pixel_ap": 0.04470000043511391,
        "normal_count": 26.0,
        "anomaly_count": 41.0
    },
    "mpdd_bracket_black": {
        "image_auroc": 0.4982999861240387,
        "pixel_ap": 0.007499999832361937,
        "normal_count": 32.0,
        "anomaly_count": 37.0
    },
    "real_iad_sim_card_set": {
        "image_auroc": 0.521399974822998,
        "pixel_ap": 0.005900000222027302,
        "normal_count": 2951.0,
        "anomaly_count": 2059.0
    },
    "real_iad_terminalblock": {
        "image_auroc": 0.4862000048160553,
        "pixel_ap": 0.0035000001080334187,
        "normal_count": 3032.0,
        "anomaly_count": 1998.0
    },
    "real_iad_switch": {
        "image_auroc": 0.43700000643730164,
        "pixel_ap": 0.005200000014156103,
        "normal_count": 3046.0,
        "anomaly_count": 1984.0
    },
    "real_iad_bottle_cap": {
        "image_auroc": 0.4790000021457672,
        "pixel_ap": 0.002400000113993883,
        "normal_count": 3374.0,
        "anomaly_count": 1621.0
    },
    "real_iad_transistor1": {
        "image_auroc": 0.5406000018119812,
        "pixel_ap": 0.010900000110268593,
        "normal_count": 2873.0,
        "anomaly_count": 2107.0
    },