{
    "viaduct_46 damper small": {
        "image_auroc": 0.5978000164031982,
        "pixel_ap": 0.03220000118017197,
        "normal_count": 65.0,
        "anomaly_count": 48.0
    },
    "viaduct_36 redon needle": {
        "image_auroc": 0.631600022315979,
        "pixel_ap": 0.005799999926239252,
        "normal_count": 180.0,
        "anomaly_count": 63.0
    },
    "viaduct_13 socket housing": {
        "image_auroc": 0.5250999927520752,
        "pixel_ap": 0.011500000022351742,
        "normal_count": 65.0,
        "anomaly_count": 52.0
    },
    "viaduct_04 battery tray": {
        "image_auroc": 0.5896999835968018,
        "pixel_ap": 0.0019000000320374966,
        "normal_count": 65.0,
        "anomaly_count": 30.0
    },
    "viaduct_15 terminal block B": {
        "image_auroc": 0.45719999074935913,
        "pixel_ap": 0.006000000052154064,
        "normal_count": 65.0,
        "anomaly_count": 50.0
    },
    "viaduct_37 retractor": {
        "image_auroc": 0.545199990272522,
        "pixel_ap": 0.008200000040233135,
        "normal_count": 180.0,
        "anomaly_count": 65.0
    },
    "viaduct_02 shredded corn fine": {
        "image_auroc": 0.5788999795913696,
        "pixel_ap": 0.03189999982714653,
        "normal_count": 110.0,
        "anomaly_count": 133.0
    },
    "viaduct_26 hose screw fitting": {
        "image_auroc": 0.46209999918937683,
        "pixel_ap": 0.006399999838322401,
        "normal_count": 50.0,
        "anomaly_count": 19.0
    },
    "viaduct_29 threaded fitting": {
        "image_auroc": 0.48669999837875366,
        "pixel_ap": 0.01549999974668026,
        "normal_count": 90.0,
        "anomaly_count": 62.0
    },
    "viaduct_23 pipe clamp": {
        "image_auroc": 0.390500009059906,
        "pixel_ap": 0.01080000028014183,
        "normal_count": 50.0,
        "anomaly_count": 19.0
    },
    "viaduct_18 raspberry": {
        "image_auroc": 0.47540000081062317,
        "pixel_ap": 0.06469999998807907,
        "normal_count": 170.0,
        "anomaly_count": 84.0
    },
    "viaduct_33 drill": {
        "image_auroc": 0.597599983215332,
        "pixel_ap": 0.006599999964237213,
        "normal_count": 180.0,
        "anomaly_count": 138.0
    },
    "viaduct_09 joystick": {
        "image_auroc": 0.5141000151634216,
        "pixel_ap": 0.008100000210106373,
        "normal_count": 65.0,
        "anomaly_count": 41.0
    },
    "viaduct_03 3-pole socket housing": {
        "image_auroc": 0.5027999877929688,
        "pixel_ap": 0.03500000014901161,
        "normal_count": 110.0,
        "anomaly_count": 134.0
    },
    "viaduct_34 oblong pill": {
        "image_auroc": 0.49050000309944153,
        "pixel_ap": 0.024800000712275505,
        "normal_count": 105.0,
        "anomaly_count": 136.0
    },
    "viaduct_10 PCB": {
        "image_auroc": 0.527999997138977,
        "pixel_ap": 0.005200000014156103,
        "normal_count": 50.0,
        "anomaly_count": 45.0
    },
    "viaduct_40 surgical mask": {
        "image_auroc": 0.47769999504089355,
        "pixel_ap": 0.0006000000284984708,
        "normal_count": 105.0,
        "anomaly_count": 123.0
    },
    "viaduct_05 cable end sleeve": {
        "image_auroc": 0.3779999911785126,
        "pixel_ap": 0.004800000227987766,
        "normal_count": 210.0,
        "anomaly_count": 40.0
    },
    "viaduct_12 rotary encoder": {
        "image_auroc": 0.5579000115394592,
        "pixel_ap": 0.019300000742077827,
        "normal_count": 50.0,
        "anomaly_count": 19.0
    },
    "viaduct_42 aluminium plate": {
        "image_auroc": 0.7160000205039978,
        "pixel_ap": 0.015699999406933784,
        "normal_count": 20.0,
        "anomaly_count": 150.0
    },
    "viaduct_45 damper large": {
        "image_auroc": 0.550000011920929,
        "pixel_ap": 0.06400000303983688,
        "normal_count": 65.0,
        "anomaly_count": 40.0
    },
    "viaduct_00 shredded corn rough": {
        "image_auroc": 0.5950999855995178,
        "pixel_ap": 0.053300000727176666,
        "normal_count": 80.0,
        "anomaly_count": 130.0
    },
    "viaduct_19 strawberry": {
        "image_auroc": 0.742900013923645,
        "pixel_ap": 0.20649999380111694,
        "normal_count": 175.0,
        "anomaly_count": 135.0
    },
    "viaduct_14 terminal block A": {
        "image_auroc": 0.39959999918937683,
        "pixel_ap": 0.005200000014156103,
        "normal_count": 105.0,
        "anomaly_count": 75.0
    },
    "viaduct_28 key": {
        "image_auroc": 0.2992999851703644,
        "pixel_ap": 0.04989999905228615,
        "normal_count": 90.0,
        "anomaly_count": 30.0
    },
    "viaduct_21 cylinder screw": {
        "image_auroc": 0.534600019454956,
        "pixel_ap": 0.00570000009611249,
        "normal_count": 180.0,
        "anomaly_count": 22.0
    },
    "viaduct_22 device box": {
        "image_auroc": 0.4932999908924103,
        "pixel_ap": 0.000699999975040555,
        "normal_count": 50.0,
        "anomaly_count": 36.0
    },
    "viaduct_07 d-sub connector": {
        "image_auroc": 0.54830002784729,
        "pixel_ap": 0.003000000026077032,
        "normal_count": 140.0,
        "anomaly_count": 38.0
    },
    "viaduct_01 shredded corn medium": {
        "image_auroc": 0.5913000106811523,
        "pixel_ap": 0.03460000082850456,
        "normal_count": 185.0,
        "anomaly_count": 95.0
    },
    "viaduct_41 white tablet": {
        "image_auroc": 0.4659999907016754,
        "pixel_ap": 0.01489999983459711,
        "normal_count": 50.0,
        "anomaly_count": 100.0
    },
    "viaduct_06 coaxial t-adapter": {
        "image_auroc": 0.5748000144958496,
        "pixel_ap": 0.009200000204145908,
        "normal_count": 105.0,
        "anomaly_count": 14.0
    },
    "viaduct_24 pan screw": {
        "image_auroc": 0.47749999165534973,
        "pixel_ap": 0.005900000222027302,
        "normal_count": 130.0,
        "anomaly_count": 100.0
    },
    "btad_02": {
        "image_auroc": 0.7279000282287598,
        "pixel_ap": 0.32339999079704285,
        "normal_count": 30.0,
        "anomaly_count": 190.0
    },
    "btad_03": {
        "image_auroc": 0.49050000309944153,
        "pixel_ap": 0.048700001090765,
        "normal_count": 400.0,
        "anomaly_count": 31.0
    },
    "mpdd_connector": {
        "image_auroc": 0.574999988079071,
        "pixel_ap": 0.011500000022351742,
        "normal_count": 30.0,
        "anomaly_count": 4.0
    },
    "mpdd_tubes": {
        "image_auroc": 0.3671000003814697,
        "pixel_ap": 0.01889999955892563,
        "normal_count": 32.0,
        "anomaly_count": 59.0
    },
    "mpdd_bracket_brown": {
        "image_auroc": 0.6876000165939331,
        "pixel_ap": 0.03180000185966492,
        "normal_count": 26.0,
        "anomaly_count": 41.0
    },
    "mpdd_bracket_black": {
        "image_auroc": 0.6182000041007996,
        "pixel_ap": 0.0017000000225380063,
        "normal_count": 32.0,
        "anomaly_count": 37.0
    },
    "real_iad_sim_card_set": {
        "image_auroc": 0.5600000023841858,
        "pixel_ap": 0.0024999999441206455,
        "normal_count": 2951.0,
        "anomaly_count": 2059.0
    },
    "real_iad_terminalblock": {
        "image_auroc": 0.48730000853538513,
        "pixel_ap": 0.00139999995008111,
        "normal_count": 3032.0,
        "anomaly_count": 1998.0
    },
    "real_iad_switch": {
        "image_auroc": 0.506600022315979,
        "pixel_ap": 0.0034000000450760126,
        "normal_count": 3046.0,
        "anomaly_count": 1984.0
    },
    "real_iad_bottle_cap": {
        "image_auroc": 0.48669999837875366,
        "pixel_ap": 0.00139999995008111,
        "normal_count": 3374.0,
        "anomaly_count": 1621.0
    },
    "real_iad_transistor1": {
        "image_auroc": 0.5539000034332275,
        "pixel_ap": 0.008700000122189522,
        "normal_count": 2873.0,
        "anomaly_count": 2107.0
    },