{
    "continual_ad_Cucumber": {
        "image_auroc": 0.6133000254631042,
        "pixel_ap": 0.004600000102072954,
        "normal_count": 505.0,
        "anomaly_count": 507.0
    },
    "continual_ad_Spoon": {
        "image_auroc": 0.6662999987602234,
        "pixel_ap": 0.00419999985024333,
        "normal_count": 527.0,
        "anomaly_count": 517.0
    },
    "continual_ad_Apple": {
        "image_auroc": 0.715399980545044,
        "pixel_ap": 0.008299999870359898,
        "normal_count": 490.0,
        "anomaly_count": 502.0
    },
    "continual_ad_Kleenex": {
        "image_auroc": 0.7178000211715698,
        "pixel_ap": 0.013700000010430813,
        "normal_count": 480.0,
        "anomaly_count": 519.0
    },
    "continual_ad_Glasses-case": {
        "image_auroc": 0.5612000226974487,
        "pixel_ap": 0.002199999988079071,
        "normal_count": 501.0,
        "anomaly_count": 549.0
    },
    "continual_ad_Toothbrush": {
        "image_auroc": 0.685699999332428,
        "pixel_ap": 0.0027000000700354576,
        "normal_count": 500.0,
        "anomaly_count": 549.0
    },
    "continual_ad_Soap": {
        "image_auroc": 0.49619999527931213,
        "pixel_ap": 0.004699999932199717,
        "normal_count": 394.0,
        "anomaly_count": 787.0
    },
    "continual_ad_Notebook": {
        "image_auroc": 0.4410000145435333,
        "pixel_ap": 0.009499999694526196,
        "normal_count": 354.0,
        "anomaly_count": 513.0
    },
    "continual_ad_Capsule": {
        "image_auroc": 0.519599974155426,
        "pixel_ap": 0.002300000051036477,
        "normal_count": 507.0,
        "anomaly_count": 493.0
    },
    "continual_ad_Sunglasses": {
        "image_auroc": 0.4740999937057495,
        "pixel_ap": 0.009700000286102295,
        "normal_count": 499.0,
        "anomaly_count": 572.0
    },
    "continual_ad_Pencil": {
        "image_auroc": 0.6007999777793884,
        "pixel_ap": 0.0017000000225380063,
        "normal_count": 518.0,
        "anomaly_count": 517.0
    },
    "continual_ad_Food-container": {
        "image_auroc": 0.5996000170707703,
        "pixel_ap": 0.014399999752640724,
        "normal_count": 520.0,
        "anomaly_count": 489.0
    },
    "continual_ad_Chopsticks": {
        "image_auroc": 0.6295999884605408,
        "pixel_ap": 0.007600000128149986,
        "normal_count": 488.0,
        "anomaly_count": 524.0
    },
    "continual_ad_Toy": {
        "image_auroc": 0.7110000252723694,
        "pixel_ap": 0.0027000000700354576,
        "normal_count": 368.0,
        "anomaly_count": 492.0
    },
    "continual_ad_Multi-pen": {
        "image_auroc": 0.5706999897956848,
        "pixel_ap": 0.0035000001080334187,
        "normal_count": 494.0,
        "anomaly_count": 492.0
    },
    "viaduct_09 joystick": {
        "image_auroc": 0.349700003862381,
        "pixel_ap": 0.0034000000450760126,
        "normal_count": 65.0,
        "anomaly_count": 41.0
    },
    "viaduct_01 shredded corn medium": {
        "image_auroc": 0.6297000050544739,
        "pixel_ap": 0.04580000042915344,
        "normal_count": 185.0,
        "anomaly_count": 95.0
    },
    "viaduct_46 damper small": {
        "image_auroc": 0.6747000217437744,
        "pixel_ap": 0.017100000753998756,
        "normal_count": 65.0,
        "anomaly_count": 48.0
    },
    "viaduct_18 raspberry": {
        "image_auroc": 0.5601000189781189,
        "pixel_ap": 0.05550000071525574,
        "normal_count": 170.0,
        "anomaly_count": 84.0
    },
    "viaduct_16 vibration sensor": {
        "image_auroc": 0.5139999985694885,
        "pixel_ap": 0.002300000051036477,
        "normal_count": 50.0,
        "anomaly_count": 20.0
    },
    "viaduct_36 redon needle": {
        "image_auroc": 0.5972999930381775,
        "pixel_ap": 0.010400000028312206,
        "normal_count": 180.0,
        "anomaly_count": 63.0
    },
    "viaduct_00 shredded corn rough": {
        "image_auroc": 0.6347000002861023,
        "pixel_ap": 0.05730000138282776,
        "normal_count": 80.0,
        "anomaly_count": 130.0
    },
    "viaduct_44 tack": {
        "image_auroc": 0.4950000047683716,
        "pixel_ap": 0.007199999876320362,
        "normal_count": 160.0,
        "anomaly_count": 137.0
    },
    "viaduct_06 coaxial t-adapter": {
        "image_auroc": 0.58160001039505,
        "pixel_ap": 0.012900000438094139,
        "normal_count": 105.0,
        "anomaly_count": 14.0
    },
    "viaduct_31 valve handle red": {
        "image_auroc": 0.6222000122070312,
        "pixel_ap": 0.0024999999441206455,
        "normal_count": 45.0,
        "anomaly_count": 16.0
    },
    "viaduct_04 battery tray": {
        "image_auroc": 0.46560001373291016,
        "pixel_ap": 0.0013000000035390258,
        "normal_count": 65.0,
        "anomaly_count": 30.0
    },
    "viaduct_29 threaded fitting": {
        "image_auroc": 0.504800021648407,
        "pixel_ap": 0.009499999694526196,
        "normal_count": 90.0,
        "anomaly_count": 62.0
    },
    "viaduct_03 3-pole socket housing": {
        "image_auroc": 0.47839999198913574,
        "pixel_ap": 0.008799999952316284,
        "normal_count": 110.0,
        "anomaly_count": 134.0
    },
    "viaduct_33 drill": {
        "image_auroc": 0.5314000248908997,
        "pixel_ap": 0.006300000008195639,
        "normal_count": 180.0,
        "anomaly_count": 138.0
    },
    "viaduct_15 terminal block B": {
        "image_auroc": 0.4984999895095825,
        "pixel_ap": 0.003000000026077032,
        "normal_count": 65.0,
        "anomaly_count": 50.0
    },
    "viaduct_17 cherry": {
        "image_auroc": 0.6435999870300293,
        "pixel_ap": 0.0019000000320374966,
        "normal_count": 275.0,
        "anomaly_count": 112.0
    },
    "viaduct_21 cylinder screw": {
        "image_auroc": 0.4318000078201294,
        "pixel_ap": 0.002099999925121665,
        "normal_count": 180.0,
        "anomaly_count": 22.0
    },
    "viaduct_32 bone pliers": {
        "image_auroc": 0.4731999933719635,
        "pixel_ap": 0.002199999988079071,
        "normal_count": 185.0,
        "anomaly_count": 63.0
    },
    "viaduct_42 aluminium plate": {
        "image_auroc": 0.3783000111579895,
        "pixel_ap": 0.01080000028014183,
        "normal_count": 20.0,
        "anomaly_count": 150.0
    },
    "viaduct_10 PCB": {
        "image_auroc": 0.5235999822616577,
        "pixel_ap": 0.004999999888241291,
        "normal_count": 50.0,
        "anomaly_count": 45.0
    },
    "viaduct_19 strawberry": {
        "image_auroc": 0.5995000004768372,
        "pixel_ap": 0.12330000102519989,
        "normal_count": 175.0,
        "anomaly_count": 135.0
    },
    "viaduct_37 retractor": {
        "image_auroc": 0.42640000581741333,
        "pixel_ap": 0.0010000000474974513,
        "normal_count": 180.0,
        "anomaly_count": 65.0
    },
    "viaduct_25 reinforcing sleeve": {
        "image_auroc": 0.6291000247001648,
        "pixel_ap": 0.003599999938160181,
        "normal_count": 50.0,
        "anomaly_count": 11.0
    },
    "viaduct_35 pink tablet": {
        "image_auroc": 0.460999995470047,
        "pixel_ap": 0.02329999953508377,
        "normal_count": 50.0,
        "anomaly_count": 60.0
    },
    "btad_02": {
        "image_auroc": 0.44749999046325684,
        "pixel_ap": 0.052400000393390656,
        "normal_count": 30.0,
        "anomaly_count": 190.0
    },
    "mpdd_bracket_black": {
        "image_auroc": 0.21879999339580536,
        "pixel_ap": 0.004000000189989805,
        "normal_count": 32.0,
        "anomaly_count": 37.0
    },
    "mpdd_metal_plate": {
        "image_auroc": 0.6891999840736389,
        "pixel_ap": 0.44190001487731934,
        "normal_count": 26.0,
        "anomaly_count": 61.0
    },
    "mpdd_bracket_white": {
        "image_auroc": 0.6549999713897705,
        "pixel_ap": 0.001500000013038516,
        "normal_count": 30.0,
        "anomaly_count": 20.0
    },