{
    "continual_ad_Energy-bar": {
        "image_auroc": 0.6089000105857849,
        "pixel_ap": 0.10520000010728836,
        "normal_count": 329.0,
        "anomaly_count": 542.0
    },
    "continual_ad_Apple": {
        "image_auroc": 0.4562000036239624,
        "pixel_ap": 0.04699999839067459,
        "normal_count": 490.0,
        "anomaly_count": 502.0
    },
    "continual_ad_Kleenex": {
        "image_auroc": 0.4927999973297119,
        "pixel_ap": 0.03959999978542328,
        "normal_count": 480.0,
        "anomaly_count": 519.0
    },
    "continual_ad_Ruler": {
        "image_auroc": 0.7978000044822693,
        "pixel_ap": 0.003000000026077032,
        "normal_count": 277.0,
        "anomaly_count": 490.0
    },
    "continual_ad_Toothpaste": {
        "image_auroc": 0.5781999826431274,
        "pixel_ap": 0.008799999952316284,
        "normal_count": 513.0,
        "anomaly_count": 516.0
    },
    "continual_ad_Sunglasses": {
        "image_auroc": 0.6391000151634216,
        "pixel_ap": 0.0406000018119812,
        "normal_count": 499.0,
        "anomaly_count": 572.0
    },
    "continual_ad_Capsule": {
        "image_auroc": 0.4731999933719635,
        "pixel_ap": 0.004000000189989805,
        "normal_count": 507.0,
        "anomaly_count": 493.0
    },
    "continual_ad_Flash-drive": {
        "image_auroc": 0.17710000276565552,
        "pixel_ap": 0.00800000037997961,
        "normal_count": 522.0,
        "anomaly_count": 495.0
    },
    "continual_ad_Band-aid": {
        "image_auroc": 0.4629000127315521,
        "pixel_ap": 0.00419999985024333,
        "normal_count": 511.0,
        "anomaly_count": 491.0
    },
    "continual_ad_Cucumber": {
        "image_auroc": 0.5184999704360962,
        "pixel_ap": 0.013899999670684338,
        "normal_count": 505.0,
        "anomaly_count": 507.0
    },
    "continual_ad_Toothbrush": {
        "image_auroc": 0.352400004863739,
        "pixel_ap": 0.004900000058114529,
        "normal_count": 500.0,
        "anomaly_count": 549.0
    },
    "continual_ad_Soap": {
        "image_auroc": 0.492000013589859,
        "pixel_ap": 0.020999999716877937,
        "normal_count": 394.0,
        "anomaly_count": 787.0
    },
    "continual_ad_Dollar": {
        "image_auroc": 0.7103000283241272,
        "pixel_ap": 0.024900000542402267,
        "normal_count": 391.0,
        "anomaly_count": 494.0
    },
    "continual_ad_Pencil": {
        "image_auroc": 0.6007000207901001,
        "pixel_ap": 0.003000000026077032,
        "normal_count": 518.0,
        "anomaly_count": 517.0
    },
    "continual_ad_Fork": {
        "image_auroc": 0.4422000050544739,
        "pixel_ap": 0.00559999980032444,
        "normal_count": 537.0,
        "anomaly_count": 507.0
    },
    "continual_ad_Toy": {
        "image_auroc": 0.7358999848365784,
        "pixel_ap": 0.006899999920278788,
        "normal_count": 368.0,
        "anomaly_count": 492.0
    },
    "continual_ad_Multi-pen": {
        "image_auroc": 0.5426999926567078,
        "pixel_ap": 0.004399999976158142,
        "normal_count": 494.0,
        "anomaly_count": 492.0
    },
    "continual_ad_Chopsticks": {
        "image_auroc": 0.6230999827384949,
        "pixel_ap": 0.008899999782443047,
        "normal_count": 488.0,
        "anomaly_count": 524.0
    },
    "continual_ad_Watermelon": {
        "image_auroc": 0.3109000027179718,
        "pixel_ap": 0.018300000578165054,
        "normal_count": 497.0,
        "anomaly_count": 506.0
    },
    "continual_ad_Egg": {
        "image_auroc": 0.8676999807357788,
        "pixel_ap": 0.6141999959945679,
        "normal_count": 662.0,
        "anomaly_count": 491.0
    },
    "continual_ad_Spoon": {
        "image_auroc": 0.3991999924182892,
        "pixel_ap": 0.004399999976158142,
        "normal_count": 527.0,
        "anomaly_count": 517.0
    },
    "continual_ad_Calculator": {
        "image_auroc": 0.45719999074935913,
        "pixel_ap": 0.003100000089034438,
        "normal_count": 506.0,
        "anomaly_count": 500.0
    },
    "continual_ad_Eraser": {
        "image_auroc": 0.18000000715255737,
        "pixel_ap": 0.010999999940395355,
        "normal_count": 458.0,
        "anomaly_count": 508.0
    },
    "continual_ad_Mango": {
        "image_auroc": 0.7001000046730042,
        "pixel_ap": 0.06960000097751617,
        "normal_count": 456.0,
        "anomaly_count": 491.0
    },
    "continual_ad_Candy": {
        "image_auroc": 0.18230000138282776,
        "pixel_ap": 0.018400000408291817,
        "normal_count": 517.0,
        "anomaly_count": 490.0
    },
    "continual_ad_Mouse": {
        "image_auroc": 0.503000020980835,
        "pixel_ap": 0.031199999153614044,
        "normal_count": 517.0,
        "anomaly_count": 495.0
    },
    "continual_ad_Glasses-case": {
        "image_auroc": 0.5181000232696533,
        "pixel_ap": 0.0066999997943639755,
        "normal_count": 501.0,
        "anomaly_count": 549.0
    },
    "continual_ad_Notebook": {
        "image_auroc": 0.5680999755859375,
        "pixel_ap": 0.065700002014637,
        "normal_count": 354.0,
        "anomaly_count": 513.0
    },
    "continual_ad_Food-container": {
        "image_auroc": 0.6503000259399414,
        "pixel_ap": 0.04729999974370003,
        "normal_count": 520.0,
        "anomaly_count": 489.0
    },
    "continual_ad_Cup": {
        "image_auroc": 0.10580000281333923,
        "pixel_ap": 0.008799999952316284,
        "normal_count": 517.0,
        "anomaly_count": 488.0
    }
}