{
    "continual_ad_Energy-bar": {
        "image_auroc": 0.7404999732971191,
        "pixel_ap": 0.16940000653266907,
        "normal_count": 329.0,
        "anomaly_count": 542.0
    },
    "continual_ad_Apple": {
        "image_auroc": 0.5278000235557556,
        "pixel_ap": 0.034299999475479126,
        "normal_count": 490.0,
        "anomaly_count": 502.0
    },
    "continual_ad_Kleenex": {
        "image_auroc": 0.5149999856948853,
        "pixel_ap": 0.023399999365210533,
        "normal_count": 480.0,
        "anomaly_count": 519.0
    },
    "continual_ad_Ruler": {
        "image_auroc": 0.9232000112533569,
        "pixel_ap": 0.007699999958276749,
        "normal_count": 277.0,
        "anomaly_count": 490.0
    },
    "continual_ad_Toothpaste": {
        "image_auroc": 0.7682999968528748,
        "pixel_ap": 0.008700000122189522,
        "normal_count": 513.0,
        "anomaly_count": 516.0
    },
    "continual_ad_Sunglasses": {
        "image_auroc": 0.7893999814987183,
        "pixel_ap": 0.0406000018119812,
        "normal_count": 499.0,
        "anomaly_count": 572.0
    },
    "continual_ad_Capsule": {
        "image_auroc": 0.61080002784729,
        "pixel_ap": 0.006399999838322401,
        "normal_count": 507.0,
        "anomaly_count": 493.0
    },
    "continual_ad_Flash-drive": {
        "image_auroc": 0.7322999835014343,
        "pixel_ap": 0.021800000220537186,
        "normal_count": 522.0,
        "anomaly_count": 495.0
    },
    "continual_ad_Band-aid": {
        "image_auroc": 0.7113000154495239,
        "pixel_ap": 0.013299999758601189,
        "normal_count": 511.0,
        "anomaly_count": 491.0
    },
    "continual_ad_Cucumber": {
        "image_auroc": 0.7354000210762024,
        "pixel_ap": 0.009200000204145908,
        "normal_count": 505.0,
        "anomaly_count": 507.0
    },
    "continual_ad_Toothbrush": {
        "image_auroc": 0.7452999949455261,
        "pixel_ap": 0.012199999764561653,
        "normal_count": 500.0,
        "anomaly_count": 549.0
    },
    "continual_ad_Soap": {
        "image_auroc": 0.6394000053405762,
        "pixel_ap": 0.017000000923871994,
        "normal_count": 394.0,
        "anomaly_count": 787.0
    },
    "continual_ad_Dollar": {
        "image_auroc": 0.6912999749183655,
        "pixel_ap": 0.026599999517202377,
        "normal_count": 391.0,
        "anomaly_count": 494.0
    },
    "continual_ad_Pencil": {
        "image_auroc": 0.739799976348877,
        "pixel_ap": 0.0024999999441206455,
        "normal_count": 518.0,
        "anomaly_count": 517.0
    },
    "continual_ad_Fork": {
        "image_auroc": 0.521399974822998,
        "pixel_ap": 0.017799999564886093,
        "normal_count": 537.0,
        "anomaly_count": 507.0
    },
    "continual_ad_Toy": {
        "image_auroc": 0.8052999973297119,
        "pixel_ap": 0.013500000350177288,
        "normal_count": 368.0,
        "anomaly_count": 492.0
    },
    "continual_ad_Multi-pen": {
        "image_auroc": 0.6327999830245972,
        "pixel_ap": 0.007799999788403511,
        "normal_count": 494.0,
        "anomaly_count": 492.0
    },
    "continual_ad_Chopsticks": {
        "image_auroc": 0.7432000041007996,
        "pixel_ap": 0.018400000408291817,
        "normal_count": 488.0,
        "anomaly_count": 524.0
    },
    "mvtec_leather": {
        "image_auroc": 0.6639000177383423,
        "pixel_ap": 0.04360000044107437,
        "normal_count": 32.0,
        "anomaly_count": 82.0
    },
    "mvtec_hazelnut": {
        "image_auroc": 0.4041999876499176,
        "pixel_ap": 0.03590000048279762,
        "normal_count": 40.0,
        "anomaly_count": 60.0
    },
    "mvtec_pill": {
        "image_auroc": 0.4424999952316284,
        "pixel_ap": 0.06809999793767929,
        "normal_count": 26.0,
        "anomaly_count": 131.0
    },
    "mvtec_wood": {
        "image_auroc": 0.6747000217437744,
        "pixel_ap": 0.1347000002861023,
        "normal_count": 19.0,
        "anomaly_count": 50.0
    },
    "mvtec_screw": {
        "image_auroc": 0.5821999907493591,
        "pixel_ap": 0.008899999782443047,
        "normal_count": 41.0,
        "anomaly_count": 109.0
    },
    "mvtec_zipper": {
        "image_auroc": 0.5582000017166138,
        "pixel_ap": 0.11479999870061874,
        "normal_count": 32.0,
        "anomaly_count": 109.0
    },
    "mvtec_grid": {
        "image_auroc": 0.7405999898910522,
        "pixel_ap": 0.09560000151395798,
        "normal_count": 21.0,
        "anomaly_count": 47.0
    },
    "mvtec_metal_nut": {
        "image_auroc": 0.3926999866962433,
        "pixel_ap": 0.10429999977350235,
        "normal_count": 22.0,
        "anomaly_count": 83.0
    },
    "mvtec_bottle": {
        "image_auroc": 0.27549999952316284,
        "pixel_ap": 0.06800000369548798,
        "normal_count": 20.0,
        "anomaly_count": 53.0
    },
    "visa_pcb4": {
        "image_auroc": 0.49129998683929443,
        "pixel_ap": 0.010900000110268593,
        "normal_count": 101.0,
        "anomaly_count": 90.0
    },
    "visa_candle": {
        "image_auroc": 0.5408999919891357,
        "pixel_ap": 0.050200000405311584,
        "normal_count": 100.0,
        "anomaly_count": 90.0
    },
    "visa_pipe_fryum": {
        "image_auroc": 0.5386999845504761,
        "pixel_ap": 0.05869999900460243,
        "normal_count": 50.0,
        "anomaly_count": 90.0
    },
    "visa_cashew": {
        "image_auroc": 0.6392999887466431,
        "pixel_ap": 0.08640000224113464,
        "normal_count": 50.0,
        "anomaly_count": 90.0
    },
    "visa_chewinggum": {
        "image_auroc": 0.5092999935150146,
        "pixel_ap": 0.004699999932199717,
        "normal_count": 50.0,
        "anomaly_count": 90.0
    },
    "visa_pcb1": {
        "image_auroc": 0.3357999920845032,
        "pixel_ap": 0.00559999980032444,
        "normal_count": 100.0,
        "anomaly_count": 90.0
    },
    "visa_macaroni2": {
        "image_auroc": 0.4902999997138977,
        "pixel_ap": 0.0006000000284984708,
        "normal_count": 100.0,
        "anomaly_count": 90.0
    },
    "viaduct_10 PCB": {
        "image_auroc": 0.5978000164031982,
        "pixel_ap": 0.003100000089034438,
        "normal_count": 50.0,
        "anomaly_count": 45.0
    },
    "viaduct_43 paperclip": {
        "image_auroc": 0.6890000104904175,
        "pixel_ap": 0.05689999833703041,
        "normal_count": 110.0,
        "anomaly_count": 63.0
    },
    "viaduct_37 retractor": {
        "image_auroc": 0.49799999594688416,
        "pixel_ap": 0.016899999231100082,
        "normal_count": 180.0,
        "anomaly_count": 65.0
    },
    "viaduct_44 tack": {
        "image_auroc": 0.36890000104904175,
        "pixel_ap": 0.004699999932199717,
        "normal_count": 160.0,
        "anomaly_count": 137.0
    },
    "viaduct_39 self-tapping bolt": {
        "image_auroc": 0.5115000009536743,
        "pixel_ap": 0.06759999692440033,
        "normal_count": 140.0,
        "anomaly_count": 140.0
    },
    "viaduct_12 rotary encoder": {
        "image_auroc": 0.21469999849796295,
        "pixel_ap": 0.005900000222027302,
        "normal_count": 50.0,
        "anomaly_count": 19.0
    },
    "viaduct_06 coaxial t-adapter": {
        "image_auroc": 0.5891000032424927,
        "pixel_ap": 0.009700000286102295,
        "normal_count": 105.0,
        "anomaly_count": 14.0
    },
    "viaduct_19 strawberry": {
        "image_auroc": 0.6935999989509583,
        "pixel_ap": 0.08550000190734863,
        "normal_count": 175.0,
        "anomaly_count": 135.0
    },
    "viaduct_15 terminal block B": {
        "image_auroc": 0.42309999465942383,
        "pixel_ap": 0.005400000140070915,
        "normal_count": 65.0,
        "anomaly_count": 50.0
    },
    "viaduct_28 key": {
        "image_auroc": 0.5496000051498413,
        "pixel_ap": 0.014600000344216824,
        "normal_count": 90.0,
        "anomaly_count": 30.0
    },