{
    "continual_ad_Energy-bar": {
        "image_auroc": 0.7185999751091003,
        "pixel_ap": 0.02319999970495701,
        "normal_count": 329.0,
        "anomaly_count": 542.0
    },
    "continual_ad_Apple": {
        "image_auroc": 0.5782999992370605,
        "pixel_ap": 0.01209999993443489,
        "normal_count": 490.0,
        "anomaly_count": 502.0
    },
    "continual_ad_Kleenex": {
        "image_auroc": 0.44119998812675476,
        "pixel_ap": 0.01889999955892563,
        "normal_count": 480.0,
        "anomaly_count": 519.0
    },
    "continual_ad_Ruler": {
        "image_auroc": 0.4830000102519989,
        "pixel_ap": 0.001500000013038516,
        "normal_count": 277.0,
        "anomaly_count": 490.0
    },
    "continual_ad_Toothpaste": {
        "image_auroc": 0.4219000041484833,
        "pixel_ap": 0.0020000000949949026,
        "normal_count": 513.0,
        "anomaly_count": 516.0
    },
    "continual_ad_Sunglasses": {
        "image_auroc": 0.6796000003814697,
        "pixel_ap": 0.013799999840557575,
        "normal_count": 499.0,
        "anomaly_count": 572.0
    },
    "continual_ad_Capsule": {
        "image_auroc": 0.415800005197525,
        "pixel_ap": 0.0012000000569969416,
        "normal_count": 507.0,
        "anomaly_count": 493.0
    },
    "continual_ad_Flash-drive": {
        "image_auroc": 0.4668000042438507,
        "pixel_ap": 0.0071000000461936,
        "normal_count": 522.0,
        "anomaly_count": 495.0
    },
    "continual_ad_Band-aid": {
        "image_auroc": 0.4936000108718872,
        "pixel_ap": 0.00279999990016222,
        "normal_count": 511.0,
        "anomaly_count": 491.0
    },
    "continual_ad_Cucumber": {
        "image_auroc": 0.5109999775886536,
        "pixel_ap": 0.003700000001117587,
        "normal_count": 505.0,
        "anomaly_count": 507.0
    },
    "continual_ad_Toothbrush": {
        "image_auroc": 0.48100000619888306,
        "pixel_ap": 0.0024999999441206455,
        "normal_count": 500.0,
        "anomaly_count": 549.0
    },
    "continual_ad_Soap": {
        "image_auroc": 0.5313000082969666,
        "pixel_ap": 0.0066999997943639755,
        "normal_count": 394.0,
        "anomaly_count": 787.0
    },
    "continual_ad_Dollar": {
        "image_auroc": 0.6987000107765198,
        "pixel_ap": 0.01510000042617321,
        "normal_count": 391.0,
        "anomaly_count": 494.0
    },
    "continual_ad_Pencil": {
        "image_auroc": 0.5703999996185303,
        "pixel_ap": 0.0019000000320374966,
        "normal_count": 518.0,
        "anomaly_count": 517.0
    },
    "continual_ad_Fork": {
        "image_auroc": 0.5522000193595886,
        "pixel_ap": 0.0038999998942017555,
        "normal_count": 537.0,
        "anomaly_count": 507.0
    },
    "continual_ad_Toy": {
        "image_auroc": 0.6592000126838684,
        "pixel_ap": 0.002899999963119626,
        "normal_count": 368.0,
        "anomaly_count": 492.0
    },
    "continual_ad_Multi-pen": {
        "image_auroc": 0.5705000162124634,
        "pixel_ap": 0.005200000014156103,
        "normal_count": 494.0,
        "anomaly_count": 492.0
    },
    "continual_ad_Chopsticks": {
        "image_auroc": 0.4399999976158142,
        "pixel_ap": 0.0066999997943639755,
        "normal_count": 488.0,
        "anomaly_count": 524.0
    },
    "mvtec_leather": {
        "image_auroc": 0.3952000141143799,
        "pixel_ap": 0.004999999888241291,
        "normal_count": 32.0,
        "anomaly_count": 82.0
    },
    "mvtec_hazelnut": {
        "image_auroc": 0.43709999322891235,
        "pixel_ap": 0.020500000566244125,
        "normal_count": 40.0,
        "anomaly_count": 60.0
    },
    "mvtec_pill": {
        "image_auroc": 0.41659998893737793,
        "pixel_ap": 0.02280000038444996,
        "normal_count": 26.0,
        "anomaly_count": 131.0
    },
    "mvtec_wood": {
        "image_auroc": 0.6011000275611877,
        "pixel_ap": 0.03610000014305115,
        "normal_count": 19.0,
        "anomaly_count": 50.0
    },
    "mvtec_screw": {
        "image_auroc": 0.47909998893737793,
        "pixel_ap": 0.003000000026077032,
        "normal_count": 41.0,
        "anomaly_count": 109.0
    },
    "mvtec_zipper": {
        "image_auroc": 0.42890000343322754,
        "pixel_ap": 0.02280000038444996,
        "normal_count": 32.0,
        "anomaly_count": 109.0
    },
    "mvtec_grid": {
        "image_auroc": 0.6899999976158142,
        "pixel_ap": 0.015599999576807022,
        "normal_count": 21.0,
        "anomaly_count": 47.0
    },
    "mvtec_metal_nut": {
        "image_auroc": 0.513700008392334,
        "pixel_ap": 0.14239999651908875,
        "normal_count": 22.0,
        "anomaly_count": 83.0
    },
    "mvtec_bottle": {
        "image_auroc": 0.6509000062942505,
        "pixel_ap": 0.08950000256299973,
        "normal_count": 20.0,
        "anomaly_count": 53.0
    },
    "visa_pcb4": {
        "image_auroc": 0.4562000036239624,
        "pixel_ap": 0.006099999882280827,
        "normal_count": 101.0,
        "anomaly_count": 90.0
    },
    "visa_candle": {
        "image_auroc": 0.5735999941825867,
        "pixel_ap": 0.0013000000035390258,
        "normal_count": 100.0,
        "anomaly_count": 90.0
    },
    "visa_pipe_fryum": {
        "image_auroc": 0.46239998936653137,
        "pixel_ap": 0.00839999970048666,
        "normal_count": 50.0,
        "anomaly_count": 90.0
    },
    "visa_cashew": {
        "image_auroc": 0.5361999869346619,
        "pixel_ap": 0.00989999994635582,
        "normal_count": 50.0,
        "anomaly_count": 90.0
    },
    "visa_chewinggum": {
        "image_auroc": 0.4262000024318695,
        "pixel_ap": 0.004000000189989805,
        "normal_count": 50.0,
        "anomaly_count": 90.0
    },
    "visa_pcb1": {
        "image_auroc": 0.49869999289512634,
        "pixel_ap": 0.004100000020116568,
        "normal_count": 100.0,
        "anomaly_count": 90.0
    },
    "visa_macaroni2": {
        "image_auroc": 0.4618000090122223,
        "pixel_ap": 0.0003000000142492354,
        "normal_count": 100.0,
        "anomaly_count": 90.0
    },
    "viaduct_10 PCB": {
        "image_auroc": 0.5213000178337097,
        "pixel_ap": 0.0008999999845400453,
        "normal_count": 50.0,
        "anomaly_count": 45.0
    },
    "viaduct_43 paperclip": {
        "image_auroc": 0.45899999141693115,
        "pixel_ap": 0.0044999998062849045,
        "normal_count": 110.0,
        "anomaly_count": 63.0
    },
    "viaduct_37 retractor": {
        "image_auroc": 0.5102999806404114,
        "pixel_ap": 0.0010000000474974513,
        "normal_count": 180.0,
        "anomaly_count": 65.0
    },
    "viaduct_44 tack": {
        "image_auroc": 0.4876999855041504,
        "pixel_ap": 0.002400000113993883,
        "normal_count": 160.0,
        "anomaly_count": 137.0
    },
    "viaduct_39 self-tapping bolt": {
        "image_auroc": 0.42800000309944153,
        "pixel_ap": 0.007600000128149986,
        "normal_count": 140.0,
        "anomaly_count": 140.0
    },
    "viaduct_12 rotary encoder": {
        "image_auroc": 0.24629999697208405,
        "pixel_ap": 0.0010000000474974513,
        "normal_count": 50.0,
        "anomaly_count": 19.0
    },
    "viaduct_06 coaxial t-adapter": {
        "image_auroc": 0.2992999851703644,
        "pixel_ap": 0.0017999999690800905,
        "normal_count": 105.0,
        "anomaly_count": 14.0
    },
    "viaduct_19 strawberry": {
        "image_auroc": 0.6554999947547913,
        "pixel_ap": 0.028300000354647636,
        "normal_count": 175.0,
        "anomaly_count": 135.0
    },
    "viaduct_15 terminal block B": {
        "image_auroc": 0.5720000267028809,
        "pixel_ap": 0.004999999888241291,
        "normal_count": 65.0,
        "anomaly_count": 50.0
    },
    "viaduct_28 key": {
        "image_auroc": 0.3666999936103821,
        "pixel_ap": 0.009499999694526196,
        "normal_count": 90.0,
        "anomaly_count": 30.0
    },