{
    "continual_ad_Energy-bar": {
        "image_auroc": 0.4677000045776367,
        "pixel_ap": 0.03590000048279762,
        "normal_count": 329.0,
        "anomaly_count": 542.0
    },
    "continual_ad_Apple": {
        "image_auroc": 0.34290000796318054,
        "pixel_ap": 0.016699999570846558,
        "normal_count": 490.0,
        "anomaly_count": 502.0
    },
    "continual_ad_Kleenex": {
        "image_auroc": 0.4943999946117401,
        "pixel_ap": 0.020600000396370888,
        "normal_count": 480.0,
        "anomaly_count": 519.0
    },
    "continual_ad_Ruler": {
        "image_auroc": 0.5756000280380249,
        "pixel_ap": 0.002300000051036477,
        "normal_count": 277.0,
        "anomaly_count": 490.0
    },
    "continual_ad_Toothpaste": {
        "image_auroc": 0.6284000277519226,
        "pixel_ap": 0.007499999832361937,
        "normal_count": 513.0,
        "anomaly_count": 516.0
    },
    "continual_ad_Sunglasses": {
        "image_auroc": 0.5699999928474426,
        "pixel_ap": 0.020099999383091927,
        "normal_count": 499.0,
        "anomaly_count": 572.0
    },
    "continual_ad_Capsule": {
        "image_auroc": 0.4675999879837036,
        "pixel_ap": 0.004999999888241291,
        "normal_count": 507.0,
        "anomaly_count": 493.0
    },
    "continual_ad_Flash-drive": {
        "image_auroc": 0.6227999925613403,
        "pixel_ap": 0.01640000008046627,
        "normal_count": 522.0,
        "anomaly_count": 495.0
    },
    "continual_ad_Band-aid": {
        "image_auroc": 0.47279998660087585,
        "pixel_ap": 0.00860000029206276,
        "normal_count": 511.0,
        "anomaly_count": 491.0
    },
    "continual_ad_Cucumber": {
        "image_auroc": 0.5716000199317932,
        "pixel_ap": 0.005400000140070915,
        "normal_count": 505.0,
        "anomaly_count": 507.0
    },
    "continual_ad_Toothbrush": {
        "image_auroc": 0.6680999994277954,
        "pixel_ap": 0.00430000014603138,
        "normal_count": 500.0,
        "anomaly_count": 549.0
    },
    "continual_ad_Soap": {
        "image_auroc": 0.42080000042915344,
        "pixel_ap": 0.010999999940395355,
        "normal_count": 394.0,
        "anomaly_count": 787.0
    },
    "continual_ad_Dollar": {
        "image_auroc": 0.57669997215271,
        "pixel_ap": 0.01810000091791153,
        "normal_count": 391.0,
        "anomaly_count": 494.0
    },
    "continual_ad_Pencil": {
        "image_auroc": 0.57669997215271,
        "pixel_ap": 0.002899999963119626,
        "normal_count": 518.0,
        "anomaly_count": 517.0
    },
    "continual_ad_Fork": {
        "image_auroc": 0.6003999710083008,
        "pixel_ap": 0.006599999964237213,
        "normal_count": 537.0,
        "anomaly_count": 507.0
    },
    "continual_ad_Toy": {
        "image_auroc": 0.7623000144958496,
        "pixel_ap": 0.00570000009611249,
        "normal_count": 368.0,
        "anomaly_count": 492.0
    },
    "continual_ad_Multi-pen": {
        "image_auroc": 0.5194000005722046,
        "pixel_ap": 0.00559999980032444,
        "normal_count": 494.0,
        "anomaly_count": 492.0
    },
    "continual_ad_Chopsticks": {
        "image_auroc": 0.4959000051021576,
        "pixel_ap": 0.01140000019222498,
        "normal_count": 488.0,
        "anomaly_count": 524.0
    },
    "mvtec_leather": {
        "image_auroc": 0.7271000146865845,
        "pixel_ap": 0.0357000008225441,
        "normal_count": 32.0,
        "anomaly_count": 82.0
    },
    "mvtec_hazelnut": {
        "image_auroc": 0.59170001745224,
        "pixel_ap": 0.019500000402331352,
        "normal_count": 40.0,
        "anomaly_count": 60.0
    },
    "mvtec_pill": {
        "image_auroc": 0.6315000057220459,
        "pixel_ap": 0.032600000500679016,
        "normal_count": 26.0,
        "anomaly_count": 131.0
    },
    "mvtec_wood": {
        "image_auroc": 0.654699981212616,
        "pixel_ap": 0.08760000020265579,
        "normal_count": 19.0,
        "anomaly_count": 50.0
    },
    "mvtec_screw": {
        "image_auroc": 0.4788999855518341,
        "pixel_ap": 0.0034000000450760126,
        "normal_count": 41.0,
        "anomaly_count": 109.0
    },
    "mvtec_zipper": {
        "image_auroc": 0.506600022315979,
        "pixel_ap": 0.05490000173449516,
        "normal_count": 32.0,
        "anomaly_count": 109.0
    },
    "mvtec_grid": {
        "image_auroc": 0.4731999933719635,
        "pixel_ap": 0.013299999758601189,
        "normal_count": 21.0,
        "anomaly_count": 47.0
    },
    "mvtec_metal_nut": {
        "image_auroc": 0.46389999985694885,
        "pixel_ap": 0.10379999876022339,
        "normal_count": 22.0,
        "anomaly_count": 83.0
    },
    "mvtec_bottle": {
        "image_auroc": 0.24250000715255737,
        "pixel_ap": 0.0681999996304512,
        "normal_count": 20.0,
        "anomaly_count": 53.0
    },
    "visa_pcb4": {
        "image_auroc": 0.48660001158714294,
        "pixel_ap": 0.01119999960064888,
        "normal_count": 101.0,
        "anomaly_count": 90.0
    },
    "visa_candle": {
        "image_auroc": 0.489300012588501,
        "pixel_ap": 0.0013000000035390258,
        "normal_count": 100.0,
        "anomaly_count": 90.0
    },
    "visa_pipe_fryum": {
        "image_auroc": 0.525600016117096,
        "pixel_ap": 0.022199999541044235,
        "normal_count": 50.0,
        "anomaly_count": 90.0
    },
    "visa_cashew": {
        "image_auroc": 0.5199999809265137,
        "pixel_ap": 0.03220000118017197,
        "normal_count": 50.0,
        "anomaly_count": 90.0
    },
    "visa_chewinggum": {
        "image_auroc": 0.40869998931884766,
        "pixel_ap": 0.008200000040233135,
        "normal_count": 50.0,
        "anomaly_count": 90.0
    },
    "visa_pcb1": {
        "image_auroc": 0.4401000142097473,
        "pixel_ap": 0.004699999932199717,
        "normal_count": 100.0,
        "anomaly_count": 90.0
    },
    "visa_macaroni2": {
        "image_auroc": 0.5838000178337097,
        "pixel_ap": 0.00039999998989515007,
        "normal_count": 100.0,
        "anomaly_count": 90.0
    },
    "viaduct_10 PCB": {
        "image_auroc": 0.46399998664855957,
        "pixel_ap": 0.0010999999940395355,
        "normal_count": 50.0,
        "anomaly_count": 45.0
    },
    "viaduct_43 paperclip": {
        "image_auroc": 0.8065000176429749,
        "pixel_ap": 0.02070000022649765,
        "normal_count": 110.0,
        "anomaly_count": 63.0
    },
    "viaduct_37 retractor": {
        "image_auroc": 0.45239999890327454,
        "pixel_ap": 0.0017999999690800905,
        "normal_count": 180.0,
        "anomaly_count": 65.0
    },
    "viaduct_44 tack": {
        "image_auroc": 0.5418999791145325,
        "pixel_ap": 0.01860000006854534,
        "normal_count": 160.0,
        "anomaly_count": 137.0
    },
    "viaduct_39 self-tapping bolt": {
        "image_auroc": 0.5823000073432922,
        "pixel_ap": 0.03350000083446503,
        "normal_count": 140.0,
        "anomaly_count": 140.0
    },
    "viaduct_12 rotary encoder": {
        "image_auroc": 0.6262999773025513,
        "pixel_ap": 0.005100000184029341,
        "normal_count": 50.0,
        "anomaly_count": 19.0
    },
    "viaduct_06 coaxial t-adapter": {
        "image_auroc": 0.6258999705314636,
        "pixel_ap": 0.008500000461935997,
        "normal_count": 105.0,
        "anomaly_count": 14.0
    },
    "viaduct_19 strawberry": {
        "image_auroc": 0.3617999851703644,
        "pixel_ap": 0.05270000174641609,
        "normal_count": 175.0,
        "anomaly_count": 135.0
    },
    "viaduct_15 terminal block B": {
        "image_auroc": 0.39750000834465027,
        "pixel_ap": 0.0026000000070780516,
        "normal_count": 65.0,
        "anomaly_count": 50.0
    },
    "viaduct_28 key": {
        "image_auroc": 0.42329999804496765,
        "pixel_ap": 0.023499999195337296,
        "normal_count": 90.0,
        "anomaly_count": 30.0
    },