{
    "continual_ad_Energy-bar": {
        "image_auroc": 0.4456000030040741,
        "pixel_ap": 0.017999999225139618,
        "normal_count": 329.0,
        "anomaly_count": 542.0
    },
    "continual_ad_Apple": {
        "image_auroc": 0.21080000698566437,
        "pixel_ap": 0.010300000198185444,
        "normal_count": 490.0,
        "anomaly_count": 502.0
    },
    "continual_ad_Kleenex": {
        "image_auroc": 0.22990000247955322,
        "pixel_ap": 0.014999999664723873,
        "normal_count": 480.0,
        "anomaly_count": 519.0
    },
    "continual_ad_Ruler": {
        "image_auroc": 0.23989999294281006,
        "pixel_ap": 0.0013000000035390258,
        "normal_count": 277.0,
        "anomaly_count": 490.0
    },
    "continual_ad_Toothpaste": {
        "image_auroc": 0.36559998989105225,
        "pixel_ap": 0.0015999999595806003,
        "normal_count": 513.0,
        "anomaly_count": 516.0
    },
    "continual_ad_Sunglasses": {
        "image_auroc": 0.3889000117778778,
        "pixel_ap": 0.010200000368058681,
        "normal_count": 499.0,
        "anomaly_count": 572.0
    },
    "continual_ad_Capsule": {
        "image_auroc": 0.289000004529953,
        "pixel_ap": 0.00139999995008111,
        "normal_count": 507.0,
        "anomaly_count": 493.0
    },
    "continual_ad_Flash-drive": {
        "image_auroc": 0.19040000438690186,
        "pixel_ap": 0.004100000020116568,
        "normal_count": 522.0,
        "anomaly_count": 495.0
    },
    "continual_ad_Band-aid": {
        "image_auroc": 0.34369999170303345,
        "pixel_ap": 0.0026000000070780516,
        "normal_count": 511.0,
        "anomaly_count": 491.0
    },
    "continual_ad_Cucumber": {
        "image_auroc": 0.29190000891685486,
        "pixel_ap": 0.003800000064074993,
        "normal_count": 505.0,
        "anomaly_count": 507.0
    },
    "continual_ad_Toothbrush": {
        "image_auroc": 0.15109999477863312,
        "pixel_ap": 0.0020000000949949026,
        "normal_count": 500.0,
        "anomaly_count": 549.0
    },
    "continual_ad_Soap": {
        "image_auroc": 0.46869999170303345,
        "pixel_ap": 0.005200000014156103,
        "normal_count": 394.0,
        "anomaly_count": 787.0
    },
    "continual_ad_Dollar": {
        "image_auroc": 0.5236999988555908,
        "pixel_ap": 0.013500000350177288,
        "normal_count": 391.0,
        "anomaly_count": 494.0
    },
    "continual_ad_Pencil": {
        "image_auroc": 0.24959999322891235,
        "pixel_ap": 0.001500000013038516,
        "normal_count": 518.0,
        "anomaly_count": 517.0
    },
    "continual_ad_Fork": {
        "image_auroc": 0.2524999976158142,
        "pixel_ap": 0.003800000064074993,
        "normal_count": 537.0,
        "anomaly_count": 507.0
    },
    "continual_ad_Toy": {
        "image_auroc": 0.41780000925064087,
        "pixel_ap": 0.002400000113993883,
        "normal_count": 368.0,
        "anomaly_count": 492.0
    },
    "continual_ad_Multi-pen": {
        "image_auroc": 0.2134000062942505,
        "pixel_ap": 0.0032999999821186066,
        "normal_count": 494.0,
        "anomaly_count": 492.0
    },
    "continual_ad_Chopsticks": {
        "image_auroc": 0.3237999975681305,
        "pixel_ap": 0.006200000178068876,
        "normal_count": 488.0,
        "anomaly_count": 524.0
    },
    "mvtec_leather": {
        "image_auroc": 0.36320000886917114,
        "pixel_ap": 0.01209999993443489,
        "normal_count": 32.0,
        "anomaly_count": 82.0
    },
    "mvtec_hazelnut": {
        "image_auroc": 0.4812000095844269,
        "pixel_ap": 0.016100000590085983,
        "normal_count": 40.0,
        "anomaly_count": 60.0
    },
    "mvtec_pill": {
        "image_auroc": 0.4474000036716461,
        "pixel_ap": 0.02250000089406967,
        "normal_count": 26.0,
        "anomaly_count": 131.0
    },
    "mvtec_wood": {
        "image_auroc": 0.474700003862381,
        "pixel_ap": 0.04830000177025795,
        "normal_count": 19.0,
        "anomaly_count": 50.0
    },
    "mvtec_screw": {
        "image_auroc": 0.47589999437332153,
        "pixel_ap": 0.010700000450015068,
        "normal_count": 41.0,
        "anomaly_count": 109.0
    },
    "mvtec_zipper": {
        "image_auroc": 0.3528999984264374,
        "pixel_ap": 0.0568000003695488,
        "normal_count": 32.0,
        "anomaly_count": 109.0
    },
    "mvtec_grid": {
        "image_auroc": 0.6829000115394592,
        "pixel_ap": 0.032600000500679016,
        "normal_count": 21.0,
        "anomaly_count": 47.0
    },
    "mvtec_metal_nut": {
        "image_auroc": 0.44909998774528503,
        "pixel_ap": 0.08940000087022781,
        "normal_count": 22.0,
        "anomaly_count": 83.0
    },
    "mvtec_bottle": {
        "image_auroc": 0.48399999737739563,
        "pixel_ap": 0.12720000743865967,
        "normal_count": 20.0,
        "anomaly_count": 53.0
    },
    "visa_pcb4": {
        "image_auroc": 0.3531999886035919,
        "pixel_ap": 0.005200000014156103,
        "normal_count": 101.0,
        "anomaly_count": 90.0
    },
    "visa_candle": {
        "image_auroc": 0.6463000178337097,
        "pixel_ap": 0.001500000013038516,
        "normal_count": 100.0,
        "anomaly_count": 90.0
    },
    "visa_pipe_fryum": {
        "image_auroc": 0.5296000242233276,
        "pixel_ap": 0.007000000216066837,
        "normal_count": 50.0,
        "anomaly_count": 90.0
    },
    "visa_cashew": {
        "image_auroc": 0.5364000201225281,
        "pixel_ap": 0.007600000128149986,
        "normal_count": 50.0,
        "anomaly_count": 90.0
    },
    "visa_chewinggum": {
        "image_auroc": 0.6089000105857849,
        "pixel_ap": 0.004000000189989805,
        "normal_count": 50.0,
        "anomaly_count": 90.0
    },
    "visa_pcb1": {
        "image_auroc": 0.5267999768257141,
        "pixel_ap": 0.00800000037997961,
        "normal_count": 100.0,
        "anomaly_count": 90.0
    },
    "visa_macaroni2": {
        "image_auroc": 0.48429998755455017,
        "pixel_ap": 0.00019999999494757503,
        "normal_count": 100.0,
        "anomaly_count": 90.0
    },
    "viaduct_10 PCB": {
        "image_auroc": 0.5040000081062317,
        "pixel_ap": 0.0026000000070780516,
        "normal_count": 50.0,
        "anomaly_count": 45.0
    },
    "viaduct_43 paperclip": {
        "image_auroc": 0.505299985408783,
        "pixel_ap": 0.012199999764561653,
        "normal_count": 110.0,
        "anomaly_count": 63.0
    },
    "viaduct_37 retractor": {
        "image_auroc": 0.44679999351501465,
        "pixel_ap": 0.0013000000035390258,
        "normal_count": 180.0,
        "anomaly_count": 65.0
    },
    "viaduct_44 tack": {
        "image_auroc": 0.5900999903678894,
        "pixel_ap": 0.003700000001117587,
        "normal_count": 160.0,
        "anomaly_count": 137.0
    },
    "viaduct_39 self-tapping bolt": {
        "image_auroc": 0.47780001163482666,
        "pixel_ap": 0.0625,
        "normal_count": 140.0,
        "anomaly_count": 140.0
    },
    "viaduct_12 rotary encoder": {
        "image_auroc": 0.5673999786376953,
        "pixel_ap": 0.0017000000225380063,
        "normal_count": 50.0,
        "anomaly_count": 19.0
    },
    "viaduct_06 coaxial t-adapter": {
        "image_auroc": 0.6496999859809875,
        "pixel_ap": 0.0035000001080334187,
        "normal_count": 105.0,
        "anomaly_count": 14.0
    },
    "viaduct_19 strawberry": {
        "image_auroc": 0.6148999929428101,
        "pixel_ap": 0.020400000736117363,
        "normal_count": 175.0,
        "anomaly_count": 135.0
    },
    "viaduct_15 terminal block B": {
        "image_auroc": 0.49570000171661377,
        "pixel_ap": 0.003599999938160181,
        "normal_count": 65.0,
        "anomaly_count": 50.0
    },
    "viaduct_28 key": {
        "image_auroc": 0.7074000239372253,
        "pixel_ap": 0.017999999225139618,
        "normal_count": 90.0,
        "anomaly_count": 30.0
    },