{
    "continual_ad_Energy-bar": {
        "image_auroc": 0.7585999965667725,
        "pixel_ap": 0.14390000700950623,
        "normal_count": 329.0,
        "anomaly_count": 542.0
    },
    "continual_ad_Apple": {
        "image_auroc": 0.5570999979972839,
        "pixel_ap": 0.05119999870657921,
        "normal_count": 490.0,
        "anomaly_count": 502.0
    },
    "continual_ad_Kleenex": {
        "image_auroc": 0.5102999806404114,
        "pixel_ap": 0.041999999433755875,
        "normal_count": 480.0,
        "anomaly_count": 519.0
    },
    "continual_ad_Ruler": {
        "image_auroc": 0.770799994468689,
        "pixel_ap": 0.0038999998942017555,
        "normal_count": 277.0,
        "anomaly_count": 490.0
    },
    "continual_ad_Toothpaste": {
        "image_auroc": 0.8335000276565552,
        "pixel_ap": 0.010900000110268593,
        "normal_count": 513.0,
        "anomaly_count": 516.0
    },
    "continual_ad_Sunglasses": {
        "image_auroc": 0.6863999962806702,
        "pixel_ap": 0.055799998342990875,
        "normal_count": 499.0,
        "anomaly_count": 572.0
    },
    "continual_ad_Capsule": {
        "image_auroc": 0.5455999970436096,
        "pixel_ap": 0.019600000232458115,
        "normal_count": 507.0,
        "anomaly_count": 493.0
    },
    "continual_ad_Flash-drive": {
        "image_auroc": 0.4555000066757202,
        "pixel_ap": 0.014000000432133675,
        "normal_count": 522.0,
        "anomaly_count": 495.0
    },
    "continual_ad_Band-aid": {
        "image_auroc": 0.7354000210762024,
        "pixel_ap": 0.014100000262260437,
        "normal_count": 511.0,
        "anomaly_count": 491.0
    },
    "continual_ad_Cucumber": {
        "image_auroc": 0.6200000047683716,
        "pixel_ap": 0.016300000250339508,
        "normal_count": 505.0,
        "anomaly_count": 507.0
    },
    "continual_ad_Toothbrush": {
        "image_auroc": 0.8259999752044678,
        "pixel_ap": 0.022600000724196434,
        "normal_count": 500.0,
        "anomaly_count": 549.0
    },
    "continual_ad_Soap": {
        "image_auroc": 0.5080000162124634,
        "pixel_ap": 0.014800000004470348,
        "normal_count": 394.0,
        "anomaly_count": 787.0
    },
    "continual_ad_Dollar": {
        "image_auroc": 0.6644999980926514,
        "pixel_ap": 0.024399999529123306,
        "normal_count": 391.0,
        "anomaly_count": 494.0
    },
    "continual_ad_Pencil": {
        "image_auroc": 0.7782999873161316,
        "pixel_ap": 0.004100000020116568,
        "normal_count": 518.0,
        "anomaly_count": 517.0
    },
    "continual_ad_Fork": {
        "image_auroc": 0.44830000400543213,
        "pixel_ap": 0.007899999618530273,
        "normal_count": 537.0,
        "anomaly_count": 507.0
    },
    "continual_ad_Toy": {
        "image_auroc": 0.7985000014305115,
        "pixel_ap": 0.009700000286102295,
        "normal_count": 368.0,
        "anomaly_count": 492.0
    },
    "continual_ad_Multi-pen": {
        "image_auroc": 0.6825000047683716,
        "pixel_ap": 0.005799999926239252,
        "normal_count": 494.0,
        "anomaly_count": 492.0
    },
    "continual_ad_Chopsticks": {
        "image_auroc": 0.6133000254631042,
        "pixel_ap": 0.009100000374019146,
        "normal_count": 488.0,
        "anomaly_count": 524.0
    },
    "mvtec_leather": {
        "image_auroc": 0.7480999827384949,
        "pixel_ap": 0.10750000178813934,
        "normal_count": 32.0,
        "anomaly_count": 82.0
    },
    "mvtec_hazelnut": {
        "image_auroc": 0.31709998846054077,
        "pixel_ap": 0.048500001430511475,
        "normal_count": 40.0,
        "anomaly_count": 60.0
    },
    "mvtec_pill": {
        "image_auroc": 0.5663999915122986,
        "pixel_ap": 0.06239999830722809,
        "normal_count": 26.0,
        "anomaly_count": 131.0
    },
    "mvtec_wood": {
        "image_auroc": 0.7178999781608582,
        "pixel_ap": 0.2603999972343445,
        "normal_count": 19.0,
        "anomaly_count": 50.0
    },
    "mvtec_screw": {
        "image_auroc": 0.6625999808311462,
        "pixel_ap": 0.005799999926239252,
        "normal_count": 41.0,
        "anomaly_count": 109.0
    },
    "mvtec_zipper": {
        "image_auroc": 0.7232999801635742,
        "pixel_ap": 0.06480000168085098,
        "normal_count": 32.0,
        "anomaly_count": 109.0
    },
    "mvtec_grid": {
        "image_auroc": 0.9097999930381775,
        "pixel_ap": 0.07519999891519547,
        "normal_count": 21.0,
        "anomaly_count": 47.0
    },
    "mvtec_metal_nut": {
        "image_auroc": 0.3176000118255615,
        "pixel_ap": 0.08630000054836273,
        "normal_count": 22.0,
        "anomaly_count": 83.0
    },
    "mvtec_bottle": {
        "image_auroc": 0.5254999995231628,
        "pixel_ap": 0.11460000276565552,
        "normal_count": 20.0,
        "anomaly_count": 53.0
    },
    "visa_pcb4": {
        "image_auroc": 0.24169999361038208,
        "pixel_ap": 0.004000000189989805,
        "normal_count": 101.0,
        "anomaly_count": 90.0
    },
    "visa_candle": {
        "image_auroc": 0.38089999556541443,
        "pixel_ap": 0.004900000058114529,
        "normal_count": 100.0,
        "anomaly_count": 90.0
    },
    "visa_pipe_fryum": {
        "image_auroc": 0.6513000130653381,
        "pixel_ap": 0.18440000712871552,
        "normal_count": 50.0,
        "anomaly_count": 90.0
    },
    "visa_cashew": {
        "image_auroc": 0.413100004196167,
        "pixel_ap": 0.22380000352859497,
        "normal_count": 50.0,
        "anomaly_count": 90.0
    },
    "visa_chewinggum": {
        "image_auroc": 0.41620001196861267,
        "pixel_ap": 0.05999999865889549,
        "normal_count": 50.0,
        "anomaly_count": 90.0
    },
    "visa_pcb1": {
        "image_auroc": 0.47290000319480896,
        "pixel_ap": 0.006599999964237213,
        "normal_count": 100.0,
        "anomaly_count": 90.0
    },
    "visa_macaroni2": {
        "image_auroc": 0.5347999930381775,
        "pixel_ap": 0.0017000000225380063,
        "normal_count": 100.0,
        "anomaly_count": 90.0
    },
    "viaduct_10 PCB": {
        "image_auroc": 0.5120000243186951,
        "pixel_ap": 0.00419999985024333,
        "normal_count": 50.0,
        "anomaly_count": 45.0
    },
    "viaduct_43 paperclip": {
        "image_auroc": 0.4088999927043915,
        "pixel_ap": 0.009600000455975533,
        "normal_count": 110.0,
        "anomaly_count": 63.0
    },
    "viaduct_37 retractor": {
        "image_auroc": 0.5464000105857849,
        "pixel_ap": 0.015200000256299973,
        "normal_count": 180.0,
        "anomaly_count": 65.0
    },
    "viaduct_44 tack": {
        "image_auroc": 0.5303000211715698,
        "pixel_ap": 0.017400000244379044,
        "normal_count": 160.0,
        "anomaly_count": 137.0
    },
    "viaduct_39 self-tapping bolt": {
        "image_auroc": 0.5289000272750854,
        "pixel_ap": 0.009700000286102295,
        "normal_count": 140.0,
        "anomaly_count": 140.0
    },
    "viaduct_12 rotary encoder": {
        "image_auroc": 0.4715999960899353,
        "pixel_ap": 0.0015999999595806003,
        "normal_count": 50.0,
        "anomaly_count": 19.0
    },
    "viaduct_06 coaxial t-adapter": {
        "image_auroc": 0.567300021648407,
        "pixel_ap": 0.014700000174343586,
        "normal_count": 105.0,
        "anomaly_count": 14.0
    },
    "viaduct_19 strawberry": {
        "image_auroc": 0.460999995470047,
        "pixel_ap": 0.1851000040769577,
        "normal_count": 175.0,
        "anomaly_count": 135.0
    },
    "viaduct_15 terminal block B": {
        "image_auroc": 0.4553999900817871,
        "pixel_ap": 0.005200000014156103,
        "normal_count": 65.0,
        "anomaly_count": 50.0
    },
    "viaduct_28 key": {
        "image_auroc": 0.5507000088691711,
        "pixel_ap": 0.008200000040233135,
        "normal_count": 90.0,
        "anomaly_count": 30.0
    },