{
    "continual_ad_Energy-bar": {
        "image_auroc": 0.6226000189781189,
        "pixel_ap": 0.04010000079870224,
        "normal_count": 329.0,
        "anomaly_count": 542.0
    },
    "continual_ad_Apple": {
        "image_auroc": 0.7504000067710876,
        "pixel_ap": 0.027699999511241913,
        "normal_count": 490.0,
        "anomaly_count": 502.0
    },
    "continual_ad_Kleenex": {
        "image_auroc": 0.6521000266075134,
        "pixel_ap": 0.01810000091791153,
        "normal_count": 480.0,
        "anomaly_count": 519.0
    },
    "continual_ad_Ruler": {
        "image_auroc": 0.58160001039505,
        "pixel_ap": 0.0017999999690800905,
        "normal_count": 277.0,
        "anomaly_count": 490.0
    },
    "continual_ad_Toothpaste": {
        "image_auroc": 0.4763000011444092,
        "pixel_ap": 0.0038999998942017555,
        "normal_count": 513.0,
        "anomaly_count": 516.0
    },
    "continual_ad_Sunglasses": {
        "image_auroc": 0.6470000147819519,
        "pixel_ap": 0.029899999499320984,
        "normal_count": 499.0,
        "anomaly_count": 572.0
    },
    "continual_ad_Capsule": {
        "image_auroc": 0.6087999939918518,
        "pixel_ap": 0.002300000051036477,
        "normal_count": 507.0,
        "anomaly_count": 493.0
    },
    "continual_ad_Flash-drive": {
        "image_auroc": 0.5846999883651733,
        "pixel_ap": 0.008899999782443047,
        "normal_count": 522.0,
        "anomaly_count": 495.0
    },
    "continual_ad_Band-aid": {
        "image_auroc": 0.43209999799728394,
        "pixel_ap": 0.0038999998942017555,
        "normal_count": 511.0,
        "anomaly_count": 491.0
    },
    "continual_ad_Cucumber": {
        "image_auroc": 0.7128999829292297,
        "pixel_ap": 0.012500000186264515,
        "normal_count": 505.0,
        "anomaly_count": 507.0
    },
    "continual_ad_Toothbrush": {
        "image_auroc": 0.7382000088691711,
        "pixel_ap": 0.003100000089034438,
        "normal_count": 500.0,
        "anomaly_count": 549.0
    },
    "continual_ad_Soap": {
        "image_auroc": 0.54830002784729,
        "pixel_ap": 0.00930000003427267,
        "normal_count": 394.0,
        "anomaly_count": 787.0
    },
    "continual_ad_Dollar": {
        "image_auroc": 0.5309000015258789,
        "pixel_ap": 0.0142000000923872,
        "normal_count": 391.0,
        "anomaly_count": 494.0
    },
    "continual_ad_Pencil": {
        "image_auroc": 0.6898000240325928,
        "pixel_ap": 0.002199999988079071,
        "normal_count": 518.0,
        "anomaly_count": 517.0
    },
    "continual_ad_Fork": {
        "image_auroc": 0.6754999756813049,
        "pixel_ap": 0.005400000140070915,
        "normal_count": 537.0,
        "anomaly_count": 507.0
    },
    "continual_ad_Toy": {
        "image_auroc": 0.7516000270843506,
        "pixel_ap": 0.006599999964237213,
        "normal_count": 368.0,
        "anomaly_count": 492.0
    },
    "continual_ad_Multi-pen": {
        "image_auroc": 0.7788000106811523,
        "pixel_ap": 0.00570000009611249,
        "normal_count": 494.0,
        "anomaly_count": 492.0
    },
    "continual_ad_Chopsticks": {
        "image_auroc": 0.6481000185012817,
        "pixel_ap": 0.011599999852478504,
        "normal_count": 488.0,
        "anomaly_count": 524.0
    },
    "mvtec_leather": {
        "image_auroc": 0.5252000093460083,
        "pixel_ap": 0.00570000009611249,
        "normal_count": 32.0,
        "anomaly_count": 82.0
    },
    "mvtec_hazelnut": {
        "image_auroc": 0.38499999046325684,
        "pixel_ap": 0.02710000053048134,
        "normal_count": 40.0,
        "anomaly_count": 60.0
    },
    "mvtec_pill": {
        "image_auroc": 0.48739999532699585,
        "pixel_ap": 0.028300000354647636,
        "normal_count": 26.0,
        "anomaly_count": 131.0
    },
    "mvtec_wood": {
        "image_auroc": 0.6610999703407288,
        "pixel_ap": 0.04019999876618385,
        "normal_count": 19.0,
        "anomaly_count": 50.0
    },
    "mvtec_screw": {
        "image_auroc": 0.4415000081062317,
        "pixel_ap": 0.015799999237060547,
        "normal_count": 41.0,
        "anomaly_count": 109.0
    },
    "mvtec_zipper": {
        "image_auroc": 0.6197999715805054,
        "pixel_ap": 0.029600000008940697,
        "normal_count": 32.0,
        "anomaly_count": 109.0
    },
    "mvtec_grid": {
        "image_auroc": 0.4893999993801117,
        "pixel_ap": 0.0215000007301569,
        "normal_count": 21.0,
        "anomaly_count": 47.0
    },
    "mvtec_metal_nut": {
        "image_auroc": 0.582099974155426,
        "pixel_ap": 0.14630000293254852,
        "normal_count": 22.0,
        "anomaly_count": 83.0
    },
    "mvtec_bottle": {
        "image_auroc": 0.6189000010490417,
        "pixel_ap": 0.08829999715089798,
        "normal_count": 20.0,
        "anomaly_count": 53.0
    },
    "visa_pcb4": {
        "image_auroc": 0.48260000348091125,
        "pixel_ap": 0.007899999618530273,
        "normal_count": 101.0,
        "anomaly_count": 90.0
    },
    "visa_candle": {
        "image_auroc": 0.4242999851703644,
        "pixel_ap": 0.0024999999441206455,
        "normal_count": 100.0,
        "anomaly_count": 90.0
    },
    "visa_pipe_fryum": {
        "image_auroc": 0.3837999999523163,
        "pixel_ap": 0.021299999207258224,
        "normal_count": 50.0,
        "anomaly_count": 90.0
    },
    "visa_cashew": {
        "image_auroc": 0.5081999897956848,
        "pixel_ap": 0.019899999722838402,
        "normal_count": 50.0,
        "anomaly_count": 90.0
    },
    "visa_chewinggum": {
        "image_auroc": 0.4560000002384186,
        "pixel_ap": 0.005200000014156103,
        "normal_count": 50.0,
        "anomaly_count": 90.0
    },
    "visa_pcb1": {
        "image_auroc": 0.5317999720573425,
        "pixel_ap": 0.00989999994635582,
        "normal_count": 100.0,
        "anomaly_count": 90.0
    },
    "visa_macaroni2": {
        "image_auroc": 0.498199999332428,
        "pixel_ap": 0.0008999999845400453,
        "normal_count": 100.0,
        "anomaly_count": 90.0
    },
    "viaduct_10 PCB": {
        "image_auroc": 0.5253000259399414,
        "pixel_ap": 0.0027000000700354576,
        "normal_count": 50.0,
        "anomaly_count": 45.0
    },
    "viaduct_43 paperclip": {
        "image_auroc": 0.4763000011444092,
        "pixel_ap": 0.005100000184029341,
        "normal_count": 110.0,
        "anomaly_count": 63.0
    },
    "viaduct_37 retractor": {
        "image_auroc": 0.5234000086784363,
        "pixel_ap": 0.001500000013038516,
        "normal_count": 180.0,
        "anomaly_count": 65.0
    },
    "viaduct_44 tack": {
        "image_auroc": 0.4381999969482422,
        "pixel_ap": 0.016100000590085983,
        "normal_count": 160.0,
        "anomaly_count": 137.0
    },
    "viaduct_39 self-tapping bolt": {
        "image_auroc": 0.5619000196456909,
        "pixel_ap": 0.017000000923871994,
        "normal_count": 140.0,
        "anomaly_count": 140.0
    },
    "viaduct_12 rotary encoder": {
        "image_auroc": 0.5199999809265137,
        "pixel_ap": 0.0017000000225380063,
        "normal_count": 50.0,
        "anomaly_count": 19.0
    },
    "viaduct_06 coaxial t-adapter": {
        "image_auroc": 0.6489999890327454,
        "pixel_ap": 0.0052999998442828655,
        "normal_count": 105.0,
        "anomaly_count": 14.0
    },
    "viaduct_19 strawberry": {
        "image_auroc": 0.6685000061988831,
        "pixel_ap": 0.08060000091791153,
        "normal_count": 175.0,
        "anomaly_count": 135.0
    },
    "viaduct_15 terminal block B": {
        "image_auroc": 0.4537999927997589,
        "pixel_ap": 0.004399999976158142,
        "normal_count": 65.0,
        "anomaly_count": 50.0
    },
    "viaduct_28 key": {
        "image_auroc": 0.44699999690055847,
        "pixel_ap": 0.010300000198185444,
        "normal_count": 90.0,
        "anomaly_count": 30.0
    },