{
    "continual_ad_Energy-bar": {
        "image_auroc": 0.44999998807907104,
        "pixel_ap": 0.03849999979138374,
        "normal_count": 329.0,
        "anomaly_count": 542.0
    },
    "continual_ad_Apple": {
        "image_auroc": 0.3287999927997589,
        "pixel_ap": 0.014999999664723873,
        "normal_count": 490.0,
        "anomaly_count": 502.0
    },
    "continual_ad_Kleenex": {
        "image_auroc": 0.5389000177383423,
        "pixel_ap": 0.027799999341368675,
        "normal_count": 480.0,
        "anomaly_count": 519.0
    },
    "continual_ad_Ruler": {
        "image_auroc": 0.6136999726295471,
        "pixel_ap": 0.00279999990016222,
        "normal_count": 277.0,
        "anomaly_count": 490.0
    },
    "continual_ad_Toothpaste": {
        "image_auroc": 0.5634999871253967,
        "pixel_ap": 0.0034000000450760126,
        "normal_count": 513.0,
        "anomaly_count": 516.0
    },
    "continual_ad_Sunglasses": {
        "image_auroc": 0.4722000062465668,
        "pixel_ap": 0.017899999395012856,
        "normal_count": 499.0,
        "anomaly_count": 572.0
    },
    "continual_ad_Capsule": {
        "image_auroc": 0.5806000232696533,
        "pixel_ap": 0.003000000026077032,
        "normal_count": 507.0,
        "anomaly_count": 493.0
    },
    "continual_ad_Flash-drive": {
        "image_auroc": 0.5162000060081482,
        "pixel_ap": 0.009700000286102295,
        "normal_count": 522.0,
        "anomaly_count": 495.0
    },
    "continual_ad_Band-aid": {
        "image_auroc": 0.5849999785423279,
        "pixel_ap": 0.006599999964237213,
        "normal_count": 511.0,
        "anomaly_count": 491.0
    },
    "continual_ad_Cucumber": {
        "image_auroc": 0.4641000032424927,
        "pixel_ap": 0.005499999970197678,
        "normal_count": 505.0,
        "anomaly_count": 507.0
    },
    "continual_ad_Toothbrush": {
        "image_auroc": 0.492900013923645,
        "pixel_ap": 0.0031999999191612005,
        "normal_count": 500.0,
        "anomaly_count": 549.0
    },
    "continual_ad_Soap": {
        "image_auroc": 0.439300000667572,
        "pixel_ap": 0.008700000122189522,
        "normal_count": 394.0,
        "anomaly_count": 787.0
    },
    "continual_ad_Dollar": {
        "image_auroc": 0.5034999847412109,
        "pixel_ap": 0.018400000408291817,
        "normal_count": 391.0,
        "anomaly_count": 494.0
    },
    "continual_ad_Pencil": {
        "image_auroc": 0.4691999852657318,
        "pixel_ap": 0.0020000000949949026,
        "normal_count": 518.0,
        "anomaly_count": 517.0
    },
    "continual_ad_Fork": {
        "image_auroc": 0.49619999527931213,
        "pixel_ap": 0.005900000222027302,
        "normal_count": 537.0,
        "anomaly_count": 507.0
    },
    "continual_ad_Toy": {
        "image_auroc": 0.6848999857902527,
        "pixel_ap": 0.004100000020116568,
        "normal_count": 368.0,
        "anomaly_count": 492.0
    },
    "continual_ad_Multi-pen": {
        "image_auroc": 0.3718000054359436,
        "pixel_ap": 0.004800000227987766,
        "normal_count": 494.0,
        "anomaly_count": 492.0
    },
    "continual_ad_Chopsticks": {
        "image_auroc": 0.4156999886035919,
        "pixel_ap": 0.008500000461935997,
        "normal_count": 488.0,
        "anomaly_count": 524.0
    },
    "mvtec_leather": {
        "image_auroc": 0.5770000219345093,
        "pixel_ap": 0.008899999782443047,
        "normal_count": 32.0,
        "anomaly_count": 82.0
    },
    "mvtec_hazelnut": {
        "image_auroc": 0.5178999900817871,
        "pixel_ap": 0.03310000151395798,
        "normal_count": 40.0,
        "anomaly_count": 60.0
    },
    "mvtec_pill": {
        "image_auroc": 0.4018999934196472,
        "pixel_ap": 0.039400000125169754,
        "normal_count": 26.0,
        "anomaly_count": 131.0
    },
    "mvtec_wood": {
        "image_auroc": 0.4925999939441681,
        "pixel_ap": 0.03889999911189079,
        "normal_count": 19.0,
        "anomaly_count": 50.0
    },
    "mvtec_screw": {
        "image_auroc": 0.5393000245094299,
        "pixel_ap": 0.004000000189989805,
        "normal_count": 41.0,
        "anomaly_count": 109.0
    },
    "mvtec_zipper": {
        "image_auroc": 0.30329999327659607,
        "pixel_ap": 0.032999999821186066,
        "normal_count": 32.0,
        "anomaly_count": 109.0
    },
    "mvtec_grid": {
        "image_auroc": 0.5745000243186951,
        "pixel_ap": 0.019700000062584877,
        "normal_count": 21.0,
        "anomaly_count": 47.0
    },
    "mvtec_metal_nut": {
        "image_auroc": 0.5311999917030334,
        "pixel_ap": 0.13809999823570251,
        "normal_count": 22.0,
        "anomaly_count": 83.0
    },
    "mvtec_bottle": {
        "image_auroc": 0.2632000148296356,
        "pixel_ap": 0.11479999870061874,
        "normal_count": 20.0,
        "anomaly_count": 53.0
    },
    "visa_pcb4": {
        "image_auroc": 0.5338000059127808,
        "pixel_ap": 0.018300000578165054,
        "normal_count": 101.0,
        "anomaly_count": 90.0
    },
    "visa_candle": {
        "image_auroc": 0.40220001339912415,
        "pixel_ap": 0.002099999925121665,
        "normal_count": 100.0,
        "anomaly_count": 90.0
    },
    "visa_pipe_fryum": {
        "image_auroc": 0.5641999840736389,
        "pixel_ap": 0.03579999879002571,
        "normal_count": 50.0,
        "anomaly_count": 90.0
    },
    "visa_cashew": {
        "image_auroc": 0.41130000352859497,
        "pixel_ap": 0.01510000042617321,
        "normal_count": 50.0,
        "anomaly_count": 90.0
    },
    "visa_chewinggum": {
        "image_auroc": 0.40639999508857727,
        "pixel_ap": 0.006000000052154064,
        "normal_count": 50.0,
        "anomaly_count": 90.0
    },
    "visa_pcb1": {
        "image_auroc": 0.5364000201225281,
        "pixel_ap": 0.007600000128149986,
        "normal_count": 100.0,
        "anomaly_count": 90.0
    },
    "visa_macaroni2": {
        "image_auroc": 0.5569999814033508,
        "pixel_ap": 0.0006000000284984708,
        "normal_count": 100.0,
        "anomaly_count": 90.0
    },
    "viaduct_10 PCB": {
        "image_auroc": 0.517300009727478,
        "pixel_ap": 0.0020000000949949026,
        "normal_count": 50.0,
        "anomaly_count": 45.0
    },
    "viaduct_43 paperclip": {
        "image_auroc": 0.8198999762535095,
        "pixel_ap": 0.03200000151991844,
        "normal_count": 110.0,
        "anomaly_count": 63.0
    },
    "viaduct_37 retractor": {
        "image_auroc": 0.4724999964237213,
        "pixel_ap": 0.000699999975040555,
        "normal_count": 180.0,
        "anomaly_count": 65.0
    },
    "viaduct_44 tack": {
        "image_auroc": 0.6161999702453613,
        "pixel_ap": 0.046300001442432404,
        "normal_count": 160.0,
        "anomaly_count": 137.0
    },
    "viaduct_39 self-tapping bolt": {
        "image_auroc": 0.5142999887466431,
        "pixel_ap": 0.011300000362098217,
        "normal_count": 140.0,
        "anomaly_count": 140.0
    },
    "viaduct_12 rotary encoder": {
        "image_auroc": 0.40529999136924744,
        "pixel_ap": 0.003000000026077032,
        "normal_count": 50.0,
        "anomaly_count": 19.0
    },
    "viaduct_06 coaxial t-adapter": {
        "image_auroc": 0.13199999928474426,
        "pixel_ap": 0.002099999925121665,
        "normal_count": 105.0,
        "anomaly_count": 14.0
    },
    "viaduct_19 strawberry": {
        "image_auroc": 0.43950000405311584,
        "pixel_ap": 0.04820000007748604,
        "normal_count": 175.0,
        "anomaly_count": 135.0
    },
    "viaduct_15 terminal block B": {
        "image_auroc": 0.5317000150680542,
        "pixel_ap": 0.004699999932199717,
        "normal_count": 65.0,
        "anomaly_count": 50.0
    },
    "viaduct_28 key": {
        "image_auroc": 0.5730000138282776,
        "pixel_ap": 0.02800000086426735,
        "normal_count": 90.0,
        "anomaly_count": 30.0
    },