{
    "continual_ad_Energy-bar": {
        "image_auroc": 0.5864999890327454,
        "pixel_ap": 0.0364999994635582,
        "normal_count": 329.0,
        "anomaly_count": 542.0
    },
    "continual_ad_Apple": {
        "image_auroc": 0.4108999967575073,
        "pixel_ap": 0.020999999716877937,
        "normal_count": 490.0,
        "anomaly_count": 502.0
    },
    "continual_ad_Kleenex": {
        "image_auroc": 0.29170000553131104,
        "pixel_ap": 0.018200000748038292,
        "normal_count": 480.0,
        "anomaly_count": 519.0
    },
    "continual_ad_Ruler": {
        "image_auroc": 0.4034999907016754,
        "pixel_ap": 0.0015999999595806003,
        "normal_count": 277.0,
        "anomaly_count": 490.0
    },
    "continual_ad_Toothpaste": {
        "image_auroc": 0.545799970626831,
        "pixel_ap": 0.0027000000700354576,
        "normal_count": 513.0,
        "anomaly_count": 516.0
    },
    "continual_ad_Sunglasses": {
        "image_auroc": 0.4887000024318695,
        "pixel_ap": 0.015599999576807022,
        "normal_count": 499.0,
        "anomaly_count": 572.0
    },
    "continual_ad_Capsule": {
        "image_auroc": 0.2574999928474426,
        "pixel_ap": 0.002199999988079071,
        "normal_count": 507.0,
        "anomaly_count": 493.0
    },
    "continual_ad_Flash-drive": {
        "image_auroc": 0.3734000027179718,
        "pixel_ap": 0.009999999776482582,
        "normal_count": 522.0,
        "anomaly_count": 495.0
    },
    "continual_ad_Band-aid": {
        "image_auroc": 0.3603000044822693,
        "pixel_ap": 0.0044999998062849045,
        "normal_count": 511.0,
        "anomaly_count": 491.0
    },
    "continual_ad_Cucumber": {
        "image_auroc": 0.42989999055862427,
        "pixel_ap": 0.006899999920278788,
        "normal_count": 505.0,
        "anomaly_count": 507.0
    },
    "continual_ad_Toothbrush": {
        "image_auroc": 0.32519999146461487,
        "pixel_ap": 0.003599999938160181,
        "normal_count": 500.0,
        "anomaly_count": 549.0
    },
    "continual_ad_Soap": {
        "image_auroc": 0.45239999890327454,
        "pixel_ap": 0.011300000362098217,
        "normal_count": 394.0,
        "anomaly_count": 787.0
    },
    "continual_ad_Dollar": {
        "image_auroc": 0.6567000150680542,
        "pixel_ap": 0.01640000008046627,
        "normal_count": 391.0,
        "anomaly_count": 494.0
    },
    "continual_ad_Pencil": {
        "image_auroc": 0.38199999928474426,
        "pixel_ap": 0.0026000000070780516,
        "normal_count": 518.0,
        "anomaly_count": 517.0
    },
    "continual_ad_Fork": {
        "image_auroc": 0.3813999891281128,
        "pixel_ap": 0.00559999980032444,
        "normal_count": 537.0,
        "anomaly_count": 507.0
    },
    "continual_ad_Toy": {
        "image_auroc": 0.6226999759674072,
        "pixel_ap": 0.004000000189989805,
        "normal_count": 368.0,
        "anomaly_count": 492.0
    },
    "continual_ad_Multi-pen": {
        "image_auroc": 0.3544999957084656,
        "pixel_ap": 0.004600000102072954,
        "normal_count": 494.0,
        "anomaly_count": 492.0
    },
    "continual_ad_Chopsticks": {
        "image_auroc": 0.44510000944137573,
        "pixel_ap": 0.00860000029206276,
        "normal_count": 488.0,
        "anomaly_count": 524.0
    },
    "mvtec_leather": {
        "image_auroc": 0.41839998960494995,
        "pixel_ap": 0.020800000056624413,
        "normal_count": 32.0,
        "anomaly_count": 82.0
    },
    "mvtec_hazelnut": {
        "image_auroc": 0.6146000027656555,
        "pixel_ap": 0.04479999840259552,
        "normal_count": 40.0,
        "anomaly_count": 60.0
    },
    "mvtec_pill": {
        "image_auroc": 0.6097999811172485,
        "pixel_ap": 0.03689999878406525,
        "normal_count": 26.0,
        "anomaly_count": 131.0
    },
    "mvtec_wood": {
        "image_auroc": 0.5178999900817871,
        "pixel_ap": 0.056699998676776886,
        "normal_count": 19.0,
        "anomaly_count": 50.0
    },
    "mvtec_screw": {
        "image_auroc": 0.5217999815940857,
        "pixel_ap": 0.005200000014156103,
        "normal_count": 41.0,
        "anomaly_count": 109.0
    },
    "mvtec_zipper": {
        "image_auroc": 0.4715999960899353,
        "pixel_ap": 0.07890000194311142,
        "normal_count": 32.0,
        "anomaly_count": 109.0
    },
    "mvtec_grid": {
        "image_auroc": 0.6434000134468079,
        "pixel_ap": 0.02280000038444996,
        "normal_count": 21.0,
        "anomaly_count": 47.0
    },
    "mvtec_metal_nut": {
        "image_auroc": 0.44850000739097595,
        "pixel_ap": 0.12780000269412994,
        "normal_count": 22.0,
        "anomaly_count": 83.0
    },
    "mvtec_bottle": {
        "image_auroc": 0.07079999893903732,
        "pixel_ap": 0.07569999992847443,
        "normal_count": 20.0,
        "anomaly_count": 53.0
    },
    "visa_pcb4": {
        "image_auroc": 0.4212000072002411,
        "pixel_ap": 0.007499999832361937,
        "normal_count": 101.0,
        "anomaly_count": 90.0
    },
    "visa_candle": {
        "image_auroc": 0.5562999844551086,
        "pixel_ap": 0.0027000000700354576,
        "normal_count": 100.0,
        "anomaly_count": 90.0
    },
    "visa_pipe_fryum": {
        "image_auroc": 0.4936000108718872,
        "pixel_ap": 0.020400000736117363,
        "normal_count": 50.0,
        "anomaly_count": 90.0
    },
    "visa_cashew": {
        "image_auroc": 0.5175999999046326,
        "pixel_ap": 0.025800000876188278,
        "normal_count": 50.0,
        "anomaly_count": 90.0
    },
    "visa_chewinggum": {
        "image_auroc": 0.47690001130104065,
        "pixel_ap": 0.034699998795986176,
        "normal_count": 50.0,
        "anomaly_count": 90.0
    },
    "visa_pcb1": {
        "image_auroc": 0.46779999136924744,
        "pixel_ap": 0.007600000128149986,
        "normal_count": 100.0,
        "anomaly_count": 90.0
    },
    "visa_macaroni2": {
        "image_auroc": 0.4968000054359436,
        "pixel_ap": 0.0005000000237487257,
        "normal_count": 100.0,
        "anomaly_count": 90.0
    },
    "viaduct_10 PCB": {
        "image_auroc": 0.4618000090122223,
        "pixel_ap": 0.001500000013038516,
        "normal_count": 50.0,
        "anomaly_count": 45.0
    },
    "viaduct_43 paperclip": {
        "image_auroc": 0.508400022983551,
        "pixel_ap": 0.008500000461935997,
        "normal_count": 110.0,
        "anomaly_count": 63.0
    },
    "viaduct_37 retractor": {
        "image_auroc": 0.4607999920845032,
        "pixel_ap": 0.0017999999690800905,
        "normal_count": 180.0,
        "anomaly_count": 65.0
    },
    "viaduct_44 tack": {
        "image_auroc": 0.5722000002861023,
        "pixel_ap": 0.006300000008195639,
        "normal_count": 160.0,
        "anomaly_count": 137.0
    },
    "viaduct_39 self-tapping bolt": {
        "image_auroc": 0.4146000146865845,
        "pixel_ap": 0.010200000368058681,
        "normal_count": 140.0,
        "anomaly_count": 140.0
    },
    "viaduct_12 rotary encoder": {
        "image_auroc": 0.6115999817848206,
        "pixel_ap": 0.0024999999441206455,
        "normal_count": 50.0,
        "anomaly_count": 19.0
    },
    "viaduct_06 coaxial t-adapter": {
        "image_auroc": 0.7434999942779541,
        "pixel_ap": 0.005200000014156103,
        "normal_count": 105.0,
        "anomaly_count": 14.0
    },
    "viaduct_19 strawberry": {
        "image_auroc": 0.698199987411499,
        "pixel_ap": 0.09399999678134918,
        "normal_count": 175.0,
        "anomaly_count": 135.0
    },
    "viaduct_15 terminal block B": {
        "image_auroc": 0.49970000982284546,
        "pixel_ap": 0.00419999985024333,
        "normal_count": 65.0,
        "anomaly_count": 50.0
    },
    "viaduct_28 key": {
        "image_auroc": 0.48890000581741333,
        "pixel_ap": 0.011599999852478504,
        "normal_count": 90.0,
        "anomaly_count": 30.0
    },