{
    "continual_ad_Energy-bar": {
        "image_auroc": 0.6779000163078308,
        "pixel_ap": 0.08320000022649765,
        "normal_count": 329.0,
        "anomaly_count": 542.0
    },
    "continual_ad_Apple": {
        "image_auroc": 0.5623999834060669,
        "pixel_ap": 0.060100000351667404,
        "normal_count": 490.0,
        "anomaly_count": 502.0
    },
    "continual_ad_Kleenex": {
        "image_auroc": 0.273499995470047,
        "pixel_ap": 0.01899999938905239,
        "normal_count": 480.0,
        "anomaly_count": 519.0
    },
    "continual_ad_Ruler": {
        "image_auroc": 0.878000020980835,
        "pixel_ap": 0.007799999788403511,
        "normal_count": 277.0,
        "anomaly_count": 490.0
    },
    "continual_ad_Toothpaste": {
        "image_auroc": 0.7153000235557556,
        "pixel_ap": 0.008200000040233135,
        "normal_count": 513.0,
        "anomaly_count": 516.0
    },
    "continual_ad_Sunglasses": {
        "image_auroc": 0.6935999989509583,
        "pixel_ap": 0.01940000057220459,
        "normal_count": 499.0,
        "anomaly_count": 572.0
    },
    "continual_ad_Capsule": {
        "image_auroc": 0.6565999984741211,
        "pixel_ap": 0.015399999916553497,
        "normal_count": 507.0,
        "anomaly_count": 493.0
    },
    "continual_ad_Flash-drive": {
        "image_auroc": 0.6248999834060669,
        "pixel_ap": 0.016100000590085983,
        "normal_count": 522.0,
        "anomaly_count": 495.0
    },
    "continual_ad_Band-aid": {
        "image_auroc": 0.5647000074386597,
        "pixel_ap": 0.007400000002235174,
        "normal_count": 511.0,
        "anomaly_count": 491.0
    },
    "continual_ad_Cucumber": {
        "image_auroc": 0.616100013256073,
        "pixel_ap": 0.02019999921321869,
        "normal_count": 505.0,
        "anomaly_count": 507.0
    },
    "continual_ad_Toothbrush": {
        "image_auroc": 0.7070000171661377,
        "pixel_ap": 0.004800000227987766,
        "normal_count": 500.0,
        "anomaly_count": 549.0
    },
    "continual_ad_Soap": {
        "image_auroc": 0.46389999985694885,
        "pixel_ap": 0.03240000084042549,
        "normal_count": 394.0,
        "anomaly_count": 787.0
    },
    "continual_ad_Dollar": {
        "image_auroc": 0.6021999716758728,
        "pixel_ap": 0.025699999183416367,
        "normal_count": 391.0,
        "anomaly_count": 494.0
    },
    "continual_ad_Pencil": {
        "image_auroc": 0.733299970626831,
        "pixel_ap": 0.002199999988079071,
        "normal_count": 518.0,
        "anomaly_count": 517.0
    },
    "continual_ad_Fork": {
        "image_auroc": 0.5776000022888184,
        "pixel_ap": 0.008899999782443047,
        "normal_count": 537.0,
        "anomaly_count": 507.0
    },
    "continual_ad_Toy": {
        "image_auroc": 0.8901000022888184,
        "pixel_ap": 0.00860000029206276,
        "normal_count": 368.0,
        "anomaly_count": 492.0
    },
    "continual_ad_Multi-pen": {
        "image_auroc": 0.48350000381469727,
        "pixel_ap": 0.00419999985024333,
        "normal_count": 494.0,
        "anomaly_count": 492.0
    },
    "continual_ad_Chopsticks": {
        "image_auroc": 0.6245999932289124,
        "pixel_ap": 0.007400000002235174,
        "normal_count": 488.0,
        "anomaly_count": 524.0
    },
    "mvtec_leather": {
        "image_auroc": 0.671500027179718,
        "pixel_ap": 0.050999999046325684,
        "normal_count": 32.0,
        "anomaly_count": 82.0
    },
    "mvtec_hazelnut": {
        "image_auroc": 0.38749998807907104,
        "pixel_ap": 0.05849999934434891,
        "normal_count": 40.0,
        "anomaly_count": 60.0
    },
    "mvtec_pill": {
        "image_auroc": 0.5708000063896179,
        "pixel_ap": 0.04830000177025795,
        "normal_count": 26.0,
        "anomaly_count": 131.0
    },
    "mvtec_wood": {
        "image_auroc": 0.6347000002861023,
        "pixel_ap": 0.07760000228881836,
        "normal_count": 19.0,
        "anomaly_count": 50.0
    },
    "mvtec_screw": {
        "image_auroc": 0.6090999841690063,
        "pixel_ap": 0.008999999612569809,
        "normal_count": 41.0,
        "anomaly_count": 109.0
    },
    "mvtec_zipper": {
        "image_auroc": 0.47850000858306885,
        "pixel_ap": 0.04360000044107437,
        "normal_count": 32.0,
        "anomaly_count": 109.0
    },
    "mvtec_grid": {
        "image_auroc": 0.8511000275611877,
        "pixel_ap": 0.06589999794960022,
        "normal_count": 21.0,
        "anomaly_count": 47.0
    },
    "mvtec_metal_nut": {
        "image_auroc": 0.40529999136924744,
        "pixel_ap": 0.1363999992609024,
        "normal_count": 22.0,
        "anomaly_count": 83.0
    },
    "mvtec_bottle": {
        "image_auroc": 0.6830000281333923,
        "pixel_ap": 0.10249999910593033,
        "normal_count": 20.0,
        "anomaly_count": 53.0
    },
    "visa_pcb4": {
        "image_auroc": 0.5133000016212463,
        "pixel_ap": 0.011500000022351742,
        "normal_count": 101.0,
        "anomaly_count": 90.0
    },
    "visa_candle": {
        "image_auroc": 0.6416000127792358,
        "pixel_ap": 0.00570000009611249,
        "normal_count": 100.0,
        "anomaly_count": 90.0
    },
    "visa_pipe_fryum": {
        "image_auroc": 0.5659999847412109,
        "pixel_ap": 0.12359999865293503,
        "normal_count": 50.0,
        "anomaly_count": 90.0
    },
    "visa_cashew": {
        "image_auroc": 0.4869000017642975,
        "pixel_ap": 0.0544000007212162,
        "normal_count": 50.0,
        "anomaly_count": 90.0
    },
    "visa_chewinggum": {
        "image_auroc": 0.5871000289916992,
        "pixel_ap": 0.05050000175833702,
        "normal_count": 50.0,
        "anomaly_count": 90.0
    },
    "visa_pcb1": {
        "image_auroc": 0.6680999994277954,
        "pixel_ap": 0.006599999964237213,
        "normal_count": 100.0,
        "anomaly_count": 90.0
    },
    "visa_macaroni2": {
        "image_auroc": 0.517300009727478,
        "pixel_ap": 0.0005000000237487257,
        "normal_count": 100.0,
        "anomaly_count": 90.0
    },
    "viaduct_10 PCB": {
        "image_auroc": 0.3822000026702881,
        "pixel_ap": 0.002899999963119626,
        "normal_count": 50.0,
        "anomaly_count": 45.0
    },
    "viaduct_43 paperclip": {
        "image_auroc": 0.6953999996185303,
        "pixel_ap": 0.039500001817941666,
        "normal_count": 110.0,
        "anomaly_count": 63.0
    },
    "viaduct_37 retractor": {
        "image_auroc": 0.49410000443458557,
        "pixel_ap": 0.008799999952316284,
        "normal_count": 180.0,
        "anomaly_count": 65.0
    },
    "viaduct_44 tack": {
        "image_auroc": 0.5860000252723694,
        "pixel_ap": 0.04149999842047691,
        "normal_count": 160.0,
        "anomaly_count": 137.0
    },
    "viaduct_39 self-tapping bolt": {
        "image_auroc": 0.5982000231742859,
        "pixel_ap": 0.05310000106692314,
        "normal_count": 140.0,
        "anomaly_count": 140.0
    },
    "viaduct_12 rotary encoder": {
        "image_auroc": 0.1842000037431717,
        "pixel_ap": 0.002199999988079071,
        "normal_count": 50.0,
        "anomaly_count": 19.0
    },
    "viaduct_06 coaxial t-adapter": {
        "image_auroc": 0.27410000562667847,
        "pixel_ap": 0.004399999976158142,
        "normal_count": 105.0,
        "anomaly_count": 14.0
    },
    "viaduct_19 strawberry": {
        "image_auroc": 0.5374000072479248,
        "pixel_ap": 0.12160000205039978,
        "normal_count": 175.0,
        "anomaly_count": 135.0
    },
    "viaduct_15 terminal block B": {
        "image_auroc": 0.5151000022888184,
        "pixel_ap": 0.004800000227987766,
        "normal_count": 65.0,
        "anomaly_count": 50.0
    },
    "viaduct_28 key": {
        "image_auroc": 0.46219998598098755,
        "pixel_ap": 0.01720000058412552,
        "normal_count": 90.0,
        "anomaly_count": 30.0
    },