{
    "continual_ad_Energy-bar": {
        "image_auroc": 0.6193000078201294,
        "pixel_ap": 0.10140000283718109,
        "normal_count": 329.0,
        "anomaly_count": 542.0
    },
    "continual_ad_Apple": {
        "image_auroc": 0.43160000443458557,
        "pixel_ap": 0.03400000184774399,
        "normal_count": 490.0,
        "anomaly_count": 502.0
    },
    "continual_ad_Kleenex": {
        "image_auroc": 0.5117999911308289,
        "pixel_ap": 0.03530000150203705,
        "normal_count": 480.0,
        "anomaly_count": 519.0
    },
    "continual_ad_Ruler": {
        "image_auroc": 0.6712999939918518,
        "pixel_ap": 0.0044999998062849045,
        "normal_count": 277.0,
        "anomaly_count": 490.0
    },
    "continual_ad_Toothpaste": {
        "image_auroc": 0.5580000281333923,
        "pixel_ap": 0.003599999938160181,
        "normal_count": 513.0,
        "anomaly_count": 516.0
    },
    "continual_ad_Sunglasses": {
        "image_auroc": 0.6425999999046326,
        "pixel_ap": 0.03579999879002571,
        "normal_count": 499.0,
        "anomaly_count": 572.0
    },
    "continual_ad_Capsule": {
        "image_auroc": 0.4359000027179718,
        "pixel_ap": 0.002400000113993883,
        "normal_count": 507.0,
        "anomaly_count": 493.0
    },
    "continual_ad_Flash-drive": {
        "image_auroc": 0.5411999821662903,
        "pixel_ap": 0.014399999752640724,
        "normal_count": 522.0,
        "anomaly_count": 495.0
    },
    "continual_ad_Band-aid": {
        "image_auroc": 0.6432999968528748,
        "pixel_ap": 0.010099999606609344,
        "normal_count": 511.0,
        "anomaly_count": 491.0
    },
    "continual_ad_Cucumber": {
        "image_auroc": 0.44929999113082886,
        "pixel_ap": 0.007699999958276749,
        "normal_count": 505.0,
        "anomaly_count": 507.0
    },
    "continual_ad_Toothbrush": {
        "image_auroc": 0.49390000104904175,
        "pixel_ap": 0.007699999958276749,
        "normal_count": 500.0,
        "anomaly_count": 549.0
    },
    "continual_ad_Soap": {
        "image_auroc": 0.36500000953674316,
        "pixel_ap": 0.010599999688565731,
        "normal_count": 394.0,
        "anomaly_count": 787.0
    },
    "continual_ad_Dollar": {
        "image_auroc": 0.6445000171661377,
        "pixel_ap": 0.03420000150799751,
        "normal_count": 391.0,
        "anomaly_count": 494.0
    },
    "continual_ad_Pencil": {
        "image_auroc": 0.3880999982357025,
        "pixel_ap": 0.002400000113993883,
        "normal_count": 518.0,
        "anomaly_count": 517.0
    },
    "continual_ad_Fork": {
        "image_auroc": 0.4016000032424927,
        "pixel_ap": 0.006399999838322401,
        "normal_count": 537.0,
        "anomaly_count": 507.0
    },
    "continual_ad_Toy": {
        "image_auroc": 0.7059999704360962,
        "pixel_ap": 0.007300000172108412,
        "normal_count": 368.0,
        "anomaly_count": 492.0
    },
    "continual_ad_Multi-pen": {
        "image_auroc": 0.4327000081539154,
        "pixel_ap": 0.005799999926239252,
        "normal_count": 494.0,
        "anomaly_count": 492.0
    },
    "continual_ad_Chopsticks": {
        "image_auroc": 0.4388999938964844,
        "pixel_ap": 0.010499999858438969,
        "normal_count": 488.0,
        "anomaly_count": 524.0
    },
    "mvtec_leather": {
        "image_auroc": 0.5248000025749207,
        "pixel_ap": 0.010700000450015068,
        "normal_count": 32.0,
        "anomaly_count": 82.0
    },
    "mvtec_hazelnut": {
        "image_auroc": 0.2628999948501587,
        "pixel_ap": 0.029100000858306885,
        "normal_count": 40.0,
        "anomaly_count": 60.0
    },
    "mvtec_pill": {
        "image_auroc": 0.4968000054359436,
        "pixel_ap": 0.06310000270605087,
        "normal_count": 26.0,
        "anomaly_count": 131.0
    },
    "mvtec_wood": {
        "image_auroc": 0.7494999766349792,
        "pixel_ap": 0.08910000324249268,
        "normal_count": 19.0,
        "anomaly_count": 50.0
    },
    "mvtec_screw": {
        "image_auroc": 0.4927000105381012,
        "pixel_ap": 0.004100000020116568,
        "normal_count": 41.0,
        "anomaly_count": 109.0
    },
    "mvtec_zipper": {
        "image_auroc": 0.40939998626708984,
        "pixel_ap": 0.026100000366568565,
        "normal_count": 32.0,
        "anomaly_count": 109.0
    },
    "mvtec_grid": {
        "image_auroc": 0.8489999771118164,
        "pixel_ap": 0.013000000268220901,
        "normal_count": 21.0,
        "anomaly_count": 47.0
    },
    "mvtec_metal_nut": {
        "image_auroc": 0.5849000215530396,
        "pixel_ap": 0.38580000400543213,
        "normal_count": 22.0,
        "anomaly_count": 83.0
    },
    "mvtec_bottle": {
        "image_auroc": 0.6848999857902527,
        "pixel_ap": 0.13750000298023224,
        "normal_count": 20.0,
        "anomaly_count": 53.0
    },
    "visa_pcb4": {
        "image_auroc": 0.4018000066280365,
        "pixel_ap": 0.010999999940395355,
        "normal_count": 101.0,
        "anomaly_count": 90.0
    },
    "visa_candle": {
        "image_auroc": 0.4528000056743622,
        "pixel_ap": 0.002099999925121665,
        "normal_count": 100.0,
        "anomaly_count": 90.0
    },
    "visa_pipe_fryum": {
        "image_auroc": 0.45840001106262207,
        "pixel_ap": 0.026200000196695328,
        "normal_count": 50.0,
        "anomaly_count": 90.0
    },
    "visa_cashew": {
        "image_auroc": 0.5110999941825867,
        "pixel_ap": 0.06589999794960022,
        "normal_count": 50.0,
        "anomaly_count": 90.0
    },
    "visa_chewinggum": {
        "image_auroc": 0.4115999937057495,
        "pixel_ap": 0.007400000002235174,
        "normal_count": 50.0,
        "anomaly_count": 90.0
    },
    "visa_pcb1": {
        "image_auroc": 0.5408999919891357,
        "pixel_ap": 0.009999999776482582,
        "normal_count": 100.0,
        "anomaly_count": 90.0
    },
    "visa_macaroni2": {
        "image_auroc": 0.4090999960899353,
        "pixel_ap": 0.0003000000142492354,
        "normal_count": 100.0,
        "anomaly_count": 90.0
    },
    "viaduct_10 PCB": {
        "image_auroc": 0.5461999773979187,
        "pixel_ap": 0.003000000026077032,
        "normal_count": 50.0,
        "anomaly_count": 45.0
    },
    "viaduct_43 paperclip": {
        "image_auroc": 0.5120000243186951,
        "pixel_ap": 0.011500000022351742,
        "normal_count": 110.0,
        "anomaly_count": 63.0
    },
    "viaduct_37 retractor": {
        "image_auroc": 0.4138999879360199,
        "pixel_ap": 0.0044999998062849045,
        "normal_count": 180.0,
        "anomaly_count": 65.0
    },
    "viaduct_44 tack": {
        "image_auroc": 0.4690999984741211,
        "pixel_ap": 0.010900000110268593,
        "normal_count": 160.0,
        "anomaly_count": 137.0
    },
    "viaduct_39 self-tapping bolt": {
        "image_auroc": 0.43299999833106995,
        "pixel_ap": 0.013799999840557575,
        "normal_count": 140.0,
        "anomaly_count": 140.0
    },
    "viaduct_12 rotary encoder": {
        "image_auroc": 0.4936999976634979,
        "pixel_ap": 0.0015999999595806003,
        "normal_count": 50.0,
        "anomaly_count": 19.0
    },
    "viaduct_06 coaxial t-adapter": {
        "image_auroc": 0.4830000102519989,
        "pixel_ap": 0.006300000008195639,
        "normal_count": 105.0,
        "anomaly_count": 14.0
    },
    "viaduct_19 strawberry": {
        "image_auroc": 0.5375999808311462,
        "pixel_ap": 0.0681999996304512,
        "normal_count": 175.0,
        "anomaly_count": 135.0
    },
    "viaduct_15 terminal block B": {
        "image_auroc": 0.5516999959945679,
        "pixel_ap": 0.00930000003427267,
        "normal_count": 65.0,
        "anomaly_count": 50.0
    },
    "viaduct_28 key": {
        "image_auroc": 0.3919000029563904,
        "pixel_ap": 0.05779999867081642,
        "normal_count": 90.0,
        "anomaly_count": 30.0
    },