{
    "continual_ad_Energy-bar": {
        "image_auroc": 0.7795000076293945,
        "pixel_ap": 0.06319999694824219,
        "normal_count": 329.0,
        "anomaly_count": 542.0
    },
    "continual_ad_Apple": {
        "image_auroc": 0.44920000433921814,
        "pixel_ap": 0.04230000078678131,
        "normal_count": 490.0,
        "anomaly_count": 502.0
    },
    "continual_ad_Kleenex": {
        "image_auroc": 0.47530001401901245,
        "pixel_ap": 0.018799999728798866,
        "normal_count": 480.0,
        "anomaly_count": 519.0
    },
    "continual_ad_Ruler": {
        "image_auroc": 0.7990000247955322,
        "pixel_ap": 0.00430000014603138,
        "normal_count": 277.0,
        "anomaly_count": 490.0
    },
    "continual_ad_Toothpaste": {
        "image_auroc": 0.7152000069618225,
        "pixel_ap": 0.006899999920278788,
        "normal_count": 513.0,
        "anomaly_count": 516.0
    },
    "continual_ad_Sunglasses": {
        "image_auroc": 0.7958999872207642,
        "pixel_ap": 0.052799999713897705,
        "normal_count": 499.0,
        "anomaly_count": 572.0
    },
    "continual_ad_Capsule": {
        "image_auroc": 0.784500002861023,
        "pixel_ap": 0.007000000216066837,
        "normal_count": 507.0,
        "anomaly_count": 493.0
    },
    "continual_ad_Flash-drive": {
        "image_auroc": 0.7653999924659729,
        "pixel_ap": 0.011900000274181366,
        "normal_count": 522.0,
        "anomaly_count": 495.0
    },
    "continual_ad_Band-aid": {
        "image_auroc": 0.7160999774932861,
        "pixel_ap": 0.0071000000461936,
        "normal_count": 511.0,
        "anomaly_count": 491.0
    },
    "continual_ad_Cucumber": {
        "image_auroc": 0.7127000093460083,
        "pixel_ap": 0.015699999406933784,
        "normal_count": 505.0,
        "anomaly_count": 507.0
    },
    "continual_ad_Toothbrush": {
        "image_auroc": 0.7301999926567078,
        "pixel_ap": 0.009100000374019146,
        "normal_count": 500.0,
        "anomaly_count": 549.0
    },
    "continual_ad_Soap": {
        "image_auroc": 0.5579000115394592,
        "pixel_ap": 0.007199999876320362,
        "normal_count": 394.0,
        "anomaly_count": 787.0
    },
    "continual_ad_Dollar": {
        "image_auroc": 0.640999972820282,
        "pixel_ap": 0.026799999177455902,
        "normal_count": 391.0,
        "anomaly_count": 494.0
    },
    "continual_ad_Pencil": {
        "image_auroc": 0.7766000032424927,
        "pixel_ap": 0.003700000001117587,
        "normal_count": 518.0,
        "anomaly_count": 517.0
    },
    "continual_ad_Fork": {
        "image_auroc": 0.6998999714851379,
        "pixel_ap": 0.013100000098347664,
        "normal_count": 537.0,
        "anomaly_count": 507.0
    },
    "continual_ad_Toy": {
        "image_auroc": 0.8725000023841858,
        "pixel_ap": 0.01119999960064888,
        "normal_count": 368.0,
        "anomaly_count": 492.0
    },
    "continual_ad_Multi-pen": {
        "image_auroc": 0.6514999866485596,
        "pixel_ap": 0.006599999964237213,
        "normal_count": 494.0,
        "anomaly_count": 492.0
    },
    "continual_ad_Chopsticks": {
        "image_auroc": 0.5552999973297119,
        "pixel_ap": 0.013399999588727951,
        "normal_count": 488.0,
        "anomaly_count": 524.0
    },
    "mvtec_leather": {
        "image_auroc": 0.6863999962806702,
        "pixel_ap": 0.022099999710917473,
        "normal_count": 32.0,
        "anomaly_count": 82.0
    },
    "mvtec_hazelnut": {
        "image_auroc": 0.3971000015735626,
        "pixel_ap": 0.02710000053048134,
        "normal_count": 40.0,
        "anomaly_count": 60.0
    },
    "mvtec_pill": {
        "image_auroc": 0.43479999899864197,
        "pixel_ap": 0.035100001841783524,
        "normal_count": 26.0,
        "anomaly_count": 131.0
    },
    "mvtec_wood": {
        "image_auroc": 0.73580002784729,
        "pixel_ap": 0.08389999717473984,
        "normal_count": 19.0,
        "anomaly_count": 50.0
    },
    "mvtec_screw": {
        "image_auroc": 0.5609999895095825,
        "pixel_ap": 0.009200000204145908,
        "normal_count": 41.0,
        "anomaly_count": 109.0
    },
    "mvtec_zipper": {
        "image_auroc": 0.5791000127792358,
        "pixel_ap": 0.04780000075697899,
        "normal_count": 32.0,
        "anomaly_count": 109.0
    },
    "mvtec_grid": {
        "image_auroc": 0.8967000246047974,
        "pixel_ap": 0.02539999969303608,
        "normal_count": 21.0,
        "anomaly_count": 47.0
    },
    "mvtec_metal_nut": {
        "image_auroc": 0.5667999982833862,
        "pixel_ap": 0.13500000536441803,
        "normal_count": 22.0,
        "anomaly_count": 83.0
    },
    "mvtec_bottle": {
        "image_auroc": 0.5235999822616577,
        "pixel_ap": 0.10589999705553055,
        "normal_count": 20.0,
        "anomaly_count": 53.0
    },
    "visa_pcb4": {
        "image_auroc": 0.4198000133037567,
        "pixel_ap": 0.019600000232458115,
        "normal_count": 101.0,
        "anomaly_count": 90.0
    },
    "visa_candle": {
        "image_auroc": 0.4772000014781952,
        "pixel_ap": 0.003800000064074993,
        "normal_count": 100.0,
        "anomaly_count": 90.0
    },
    "visa_pipe_fryum": {
        "image_auroc": 0.5713000297546387,
        "pixel_ap": 0.03689999878406525,
        "normal_count": 50.0,
        "anomaly_count": 90.0
    },
    "visa_cashew": {
        "image_auroc": 0.6197999715805054,
        "pixel_ap": 0.11710000038146973,
        "normal_count": 50.0,
        "anomaly_count": 90.0
    },
    "visa_chewinggum": {
        "image_auroc": 0.47510001063346863,
        "pixel_ap": 0.0044999998062849045,
        "normal_count": 50.0,
        "anomaly_count": 90.0
    },
    "visa_pcb1": {
        "image_auroc": 0.40380001068115234,
        "pixel_ap": 0.011599999852478504,
        "normal_count": 100.0,
        "anomaly_count": 90.0
    },
    "visa_macaroni2": {
        "image_auroc": 0.5008000135421753,
        "pixel_ap": 0.0007999999797903001,
        "normal_count": 100.0,
        "anomaly_count": 90.0
    },
    "viaduct_10 PCB": {
        "image_auroc": 0.5360000133514404,
        "pixel_ap": 0.002300000051036477,
        "normal_count": 50.0,
        "anomaly_count": 45.0
    },
    "viaduct_43 paperclip": {
        "image_auroc": 0.6703000068664551,
        "pixel_ap": 0.02590000070631504,
        "normal_count": 110.0,
        "anomaly_count": 63.0
    },
    "viaduct_37 retractor": {
        "image_auroc": 0.42500001192092896,
        "pixel_ap": 0.005100000184029341,
        "normal_count": 180.0,
        "anomaly_count": 65.0
    },
    "viaduct_44 tack": {
        "image_auroc": 0.4480000138282776,
        "pixel_ap": 0.010300000198185444,
        "normal_count": 160.0,
        "anomaly_count": 137.0
    },
    "viaduct_39 self-tapping bolt": {
        "image_auroc": 0.5295000076293945,
        "pixel_ap": 0.01810000091791153,
        "normal_count": 140.0,
        "anomaly_count": 140.0
    },
    "viaduct_12 rotary encoder": {
        "image_auroc": 0.47679999470710754,
        "pixel_ap": 0.004699999932199717,
        "normal_count": 50.0,
        "anomaly_count": 19.0
    },
    "viaduct_06 coaxial t-adapter": {
        "image_auroc": 0.4986000061035156,
        "pixel_ap": 0.004800000227987766,
        "normal_count": 105.0,
        "anomaly_count": 14.0
    },
    "viaduct_19 strawberry": {
        "image_auroc": 0.6226999759674072,
        "pixel_ap": 0.12200000137090683,
        "normal_count": 175.0,
        "anomaly_count": 135.0
    },
    "viaduct_15 terminal block B": {
        "image_auroc": 0.5128999948501587,
        "pixel_ap": 0.0066999997943639755,
        "normal_count": 65.0,
        "anomaly_count": 50.0
    },
    "viaduct_28 key": {
        "image_auroc": 0.430400013923645,
        "pixel_ap": 0.01679999940097332,
        "normal_count": 90.0,
        "anomaly_count": 30.0
    },