{
    "continual_ad_Cucumber": {
        "image_auroc": 0.7949000000953674,
        "pixel_ap": 0.015200000256299973,
        "normal_count": 505.0,
        "anomaly_count": 507.0
    },
    "continual_ad_Spoon": {
        "image_auroc": 0.5982999801635742,
        "pixel_ap": 0.004399999976158142,
        "normal_count": 527.0,
        "anomaly_count": 517.0
    },
    "continual_ad_Apple": {
        "image_auroc": 0.7540000081062317,
        "pixel_ap": 0.05040000006556511,
        "normal_count": 490.0,
        "anomaly_count": 502.0
    },
    "continual_ad_Kleenex": {
        "image_auroc": 0.5964000225067139,
        "pixel_ap": 0.03840000182390213,
        "normal_count": 480.0,
        "anomaly_count": 519.0
    },
    "continual_ad_Glasses-case": {
        "image_auroc": 0.6201000213623047,
        "pixel_ap": 0.006200000178068876,
        "normal_count": 501.0,
        "anomaly_count": 549.0
    },
    "continual_ad_Toothbrush": {
        "image_auroc": 0.7143999934196472,
        "pixel_ap": 0.01140000019222498,
        "normal_count": 500.0,
        "anomaly_count": 549.0
    },
    "continual_ad_Soap": {
        "image_auroc": 0.3517000079154968,
        "pixel_ap": 0.008100000210106373,
        "normal_count": 394.0,
        "anomaly_count": 787.0
    },
    "continual_ad_Notebook": {
        "image_auroc": 0.6004999876022339,
        "pixel_ap": 0.03350000083446503,
        "normal_count": 354.0,
        "anomaly_count": 513.0
    },
    "continual_ad_Capsule": {
        "image_auroc": 0.5855000019073486,
        "pixel_ap": 0.010700000450015068,
        "normal_count": 507.0,
        "anomaly_count": 493.0
    },
    "continual_ad_Sunglasses": {
        "image_auroc": 0.5217000246047974,
        "pixel_ap": 0.026100000366568565,
        "normal_count": 499.0,
        "anomaly_count": 572.0
    },
    "continual_ad_Pencil": {
        "image_auroc": 0.5943999886512756,
        "pixel_ap": 0.0026000000070780516,
        "normal_count": 518.0,
        "anomaly_count": 517.0
    },
    "continual_ad_Food-container": {
        "image_auroc": 0.6837000250816345,
        "pixel_ap": 0.04170000180602074,
        "normal_count": 520.0,
        "anomaly_count": 489.0
    },
    "continual_ad_Chopsticks": {
        "image_auroc": 0.5620999932289124,
        "pixel_ap": 0.010400000028312206,
        "normal_count": 488.0,
        "anomaly_count": 524.0
    },
    "continual_ad_Toy": {
        "image_auroc": 0.8604000210762024,
        "pixel_ap": 0.00800000037997961,
        "normal_count": 368.0,
        "anomaly_count": 492.0
    },
    "continual_ad_Multi-pen": {
        "image_auroc": 0.4528000056743622,
        "pixel_ap": 0.0052999998442828655,
        "normal_count": 494.0,
        "anomaly_count": 492.0
    },
    "viaduct_09 joystick": {
        "image_auroc": 0.4205999970436096,
        "pixel_ap": 0.010700000450015068,
        "normal_count": 65.0,
        "anomaly_count": 41.0
    },
    "viaduct_01 shredded corn medium": {
        "image_auroc": 0.541100025177002,
        "pixel_ap": 0.029500000178813934,
        "normal_count": 185.0,
        "anomaly_count": 95.0
    },
    "viaduct_46 damper small": {
        "image_auroc": 0.37529999017715454,
        "pixel_ap": 0.01899999938905239,
        "normal_count": 65.0,
        "anomaly_count": 48.0
    },
    "viaduct_18 raspberry": {
        "image_auroc": 0.6467999815940857,
        "pixel_ap": 0.12099999934434891,
        "normal_count": 170.0,
        "anomaly_count": 84.0
    },
    "viaduct_16 vibration sensor": {
        "image_auroc": 0.4000000059604645,
        "pixel_ap": 0.00860000029206276,
        "normal_count": 50.0,
        "anomaly_count": 20.0
    },
    "viaduct_36 redon needle": {
        "image_auroc": 0.3779999911785126,
        "pixel_ap": 0.003700000001117587,
        "normal_count": 180.0,
        "anomaly_count": 63.0
    },
    "viaduct_00 shredded corn rough": {
        "image_auroc": 0.6417999863624573,
        "pixel_ap": 0.04740000143647194,
        "normal_count": 80.0,
        "anomaly_count": 130.0
    },
    "viaduct_44 tack": {
        "image_auroc": 0.43810001015663147,
        "pixel_ap": 0.025200000032782555,
        "normal_count": 160.0,
        "anomaly_count": 137.0
    },
    "viaduct_06 coaxial t-adapter": {
        "image_auroc": 0.685699999332428,
        "pixel_ap": 0.03460000082850456,
        "normal_count": 105.0,
        "anomaly_count": 14.0
    },
    "viaduct_31 valve handle red": {
        "image_auroc": 0.5597000122070312,
        "pixel_ap": 0.002899999963119626,
        "normal_count": 45.0,
        "anomaly_count": 16.0
    },
    "viaduct_04 battery tray": {
        "image_auroc": 0.5097000002861023,
        "pixel_ap": 0.004399999976158142,
        "normal_count": 65.0,
        "anomaly_count": 30.0
    },
    "viaduct_29 threaded fitting": {
        "image_auroc": 0.5781000256538391,
        "pixel_ap": 0.009100000374019146,
        "normal_count": 90.0,
        "anomaly_count": 62.0
    },
    "viaduct_03 3-pole socket housing": {
        "image_auroc": 0.39010000228881836,
        "pixel_ap": 0.030899999663233757,
        "normal_count": 110.0,
        "anomaly_count": 134.0
    },
    "viaduct_33 drill": {
        "image_auroc": 0.5735999941825867,
        "pixel_ap": 0.01979999989271164,
        "normal_count": 180.0,
        "anomaly_count": 138.0
    },
    "viaduct_15 terminal block B": {
        "image_auroc": 0.4876999855041504,
        "pixel_ap": 0.0052999998442828655,
        "normal_count": 65.0,
        "anomaly_count": 50.0
    },
    "viaduct_17 cherry": {
        "image_auroc": 0.6589999794960022,
        "pixel_ap": 0.014000000432133675,
        "normal_count": 275.0,
        "anomaly_count": 112.0
    },
    "viaduct_21 cylinder screw": {
        "image_auroc": 0.754800021648407,
        "pixel_ap": 0.020400000736117363,
        "normal_count": 180.0,
        "anomaly_count": 22.0
    },
    "viaduct_32 bone pliers": {
        "image_auroc": 0.5285999774932861,
        "pixel_ap": 0.003000000026077032,
        "normal_count": 185.0,
        "anomaly_count": 63.0
    },
    "viaduct_42 aluminium plate": {
        "image_auroc": 0.5432999730110168,
        "pixel_ap": 0.039400000125169754,
        "normal_count": 20.0,
        "anomaly_count": 150.0
    },
    "viaduct_10 PCB": {
        "image_auroc": 0.41510000824928284,
        "pixel_ap": 0.003700000001117587,
        "normal_count": 50.0,
        "anomaly_count": 45.0
    },
    "viaduct_19 strawberry": {
        "image_auroc": 0.5266000032424927,
        "pixel_ap": 0.12080000340938568,
        "normal_count": 175.0,
        "anomaly_count": 135.0
    },
    "viaduct_37 retractor": {
        "image_auroc": 0.506600022315979,
        "pixel_ap": 0.014999999664723873,
        "normal_count": 180.0,
        "anomaly_count": 65.0
    },
    "viaduct_25 reinforcing sleeve": {
        "image_auroc": 0.5945000052452087,
        "pixel_ap": 0.03610000014305115,
        "normal_count": 50.0,
        "anomaly_count": 11.0
    },
    "viaduct_35 pink tablet": {
        "image_auroc": 0.3109999895095825,
        "pixel_ap": 0.1607999950647354,
        "normal_count": 50.0,
        "anomaly_count": 60.0
    },
    "btad_02": {
        "image_auroc": 0.49720001220703125,
        "pixel_ap": 0.11900000274181366,
        "normal_count": 30.0,
        "anomaly_count": 190.0
    },
    "mpdd_bracket_black": {
        "image_auroc": 0.5608000159263611,
        "pixel_ap": 0.005799999926239252,
        "normal_count": 32.0,
        "anomaly_count": 37.0
    },
    "mpdd_metal_plate": {
        "image_auroc": 0.6557000279426575,
        "pixel_ap": 0.38499999046325684,
        "normal_count": 26.0,
        "anomaly_count": 61.0
    },
    "mpdd_bracket_white": {
        "image_auroc": 0.3732999861240387,
        "pixel_ap": 0.0005000000237487257,
        "normal_count": 30.0,
        "anomaly_count": 20.0
    },