{
    "continual_ad_Cucumber": {
        "image_auroc": 0.5254999995231628,
        "pixel_ap": 0.0052999998442828655,
        "normal_count": 505.0,
        "anomaly_count": 507.0
    },
    "continual_ad_Spoon": {
        "image_auroc": 0.38659998774528503,
        "pixel_ap": 0.0044999998062849045,
        "normal_count": 527.0,
        "anomaly_count": 517.0
    },
    "continual_ad_Apple": {
        "image_auroc": 0.4262000024318695,
        "pixel_ap": 0.015399999916553497,
        "normal_count": 490.0,
        "anomaly_count": 502.0
    },
    "continual_ad_Kleenex": {
        "image_auroc": 0.460999995470047,
        "pixel_ap": 0.022299999371170998,
        "normal_count": 480.0,
        "anomaly_count": 519.0
    },
    "continual_ad_Glasses-case": {
        "image_auroc": 0.4334999918937683,
        "pixel_ap": 0.003599999938160181,
        "normal_count": 501.0,
        "anomaly_count": 549.0
    },
    "continual_ad_Toothbrush": {
        "image_auroc": 0.4950000047683716,
        "pixel_ap": 0.004399999976158142,
        "normal_count": 500.0,
        "anomaly_count": 549.0
    },
    "continual_ad_Soap": {
        "image_auroc": 0.555899977684021,
        "pixel_ap": 0.010700000450015068,
        "normal_count": 394.0,
        "anomaly_count": 787.0
    },
    "continual_ad_Notebook": {
        "image_auroc": 0.6611999869346619,
        "pixel_ap": 0.014299999922513962,
        "normal_count": 354.0,
        "anomaly_count": 513.0
    },
    "continual_ad_Capsule": {
        "image_auroc": 0.6801000237464905,
        "pixel_ap": 0.0035000001080334187,
        "normal_count": 507.0,
        "anomaly_count": 493.0
    },
    "continual_ad_Sunglasses": {
        "image_auroc": 0.5623999834060669,
        "pixel_ap": 0.021900000050663948,
        "normal_count": 499.0,
        "anomaly_count": 572.0
    },
    "continual_ad_Pencil": {
        "image_auroc": 0.4853000044822693,
        "pixel_ap": 0.0026000000070780516,
        "normal_count": 518.0,
        "anomaly_count": 517.0
    },
    "continual_ad_Food-container": {
        "image_auroc": 0.49720001220703125,
        "pixel_ap": 0.023099999874830246,
        "normal_count": 520.0,
        "anomaly_count": 489.0
    },
    "continual_ad_Chopsticks": {
        "image_auroc": 0.4943000078201294,
        "pixel_ap": 0.009700000286102295,
        "normal_count": 488.0,
        "anomaly_count": 524.0
    },
    "continual_ad_Toy": {
        "image_auroc": 0.7502999901771545,
        "pixel_ap": 0.007300000172108412,
        "normal_count": 368.0,
        "anomaly_count": 492.0
    },
    "continual_ad_Multi-pen": {
        "image_auroc": 0.5534999966621399,
        "pixel_ap": 0.004800000227987766,
        "normal_count": 494.0,
        "anomaly_count": 492.0
    },
    "viaduct_09 joystick": {
        "image_auroc": 0.4521999955177307,
        "pixel_ap": 0.00570000009611249,
        "normal_count": 65.0,
        "anomaly_count": 41.0
    },
    "viaduct_01 shredded corn medium": {
        "image_auroc": 0.6784999966621399,
        "pixel_ap": 0.019899999722838402,
        "normal_count": 185.0,
        "anomaly_count": 95.0
    },
    "viaduct_46 damper small": {
        "image_auroc": 0.3962000012397766,
        "pixel_ap": 0.0038999998942017555,
        "normal_count": 65.0,
        "anomaly_count": 48.0
    },
    "viaduct_18 raspberry": {
        "image_auroc": 0.42890000343322754,
        "pixel_ap": 0.01979999989271164,
        "normal_count": 170.0,
        "anomaly_count": 84.0
    },
    "viaduct_16 vibration sensor": {
        "image_auroc": 0.5299999713897705,
        "pixel_ap": 0.0010999999940395355,
        "normal_count": 50.0,
        "anomaly_count": 20.0
    },
    "viaduct_36 redon needle": {
        "image_auroc": 0.5047000050544739,
        "pixel_ap": 0.00039999998989515007,
        "normal_count": 180.0,
        "anomaly_count": 63.0
    },
    "viaduct_00 shredded corn rough": {
        "image_auroc": 0.5723999738693237,
        "pixel_ap": 0.04989999905228615,
        "normal_count": 80.0,
        "anomaly_count": 130.0
    },
    "viaduct_44 tack": {
        "image_auroc": 0.5167999863624573,
        "pixel_ap": 0.007199999876320362,
        "normal_count": 160.0,
        "anomaly_count": 137.0
    },
    "viaduct_06 coaxial t-adapter": {
        "image_auroc": 0.6482999920845032,
        "pixel_ap": 0.003800000064074993,
        "normal_count": 105.0,
        "anomaly_count": 14.0
    },
    "viaduct_31 valve handle red": {
        "image_auroc": 0.5555999875068665,
        "pixel_ap": 0.0020000000949949026,
        "normal_count": 45.0,
        "anomaly_count": 16.0
    },
    "viaduct_04 battery tray": {
        "image_auroc": 0.4318000078201294,
        "pixel_ap": 0.00139999995008111,
        "normal_count": 65.0,
        "anomaly_count": 30.0
    },
    "viaduct_29 threaded fitting": {
        "image_auroc": 0.512499988079071,
        "pixel_ap": 0.0017999999690800905,
        "normal_count": 90.0,
        "anomaly_count": 62.0
    },
    "viaduct_03 3-pole socket housing": {
        "image_auroc": 0.3831000030040741,
        "pixel_ap": 0.013399999588727951,
        "normal_count": 110.0,
        "anomaly_count": 134.0
    },
    "viaduct_33 drill": {
        "image_auroc": 0.4796000123023987,
        "pixel_ap": 0.0006000000284984708,
        "normal_count": 180.0,
        "anomaly_count": 138.0
    },
    "viaduct_15 terminal block B": {
        "image_auroc": 0.527999997138977,
        "pixel_ap": 0.0031999999191612005,
        "normal_count": 65.0,
        "anomaly_count": 50.0
    },
    "viaduct_17 cherry": {
        "image_auroc": 0.527999997138977,
        "pixel_ap": 0.0017999999690800905,
        "normal_count": 275.0,
        "anomaly_count": 112.0
    },
    "viaduct_21 cylinder screw": {
        "image_auroc": 0.6341000199317932,
        "pixel_ap": 0.003100000089034438,
        "normal_count": 180.0,
        "anomaly_count": 22.0
    },
    "viaduct_32 bone pliers": {
        "image_auroc": 0.44369998574256897,
        "pixel_ap": 0.00039999998989515007,
        "normal_count": 185.0,
        "anomaly_count": 63.0
    },
    "viaduct_42 aluminium plate": {
        "image_auroc": 0.5152999758720398,
        "pixel_ap": 0.018699999898672104,
        "normal_count": 20.0,
        "anomaly_count": 150.0
    },
    "viaduct_10 PCB": {
        "image_auroc": 0.4959999918937683,
        "pixel_ap": 0.001500000013038516,
        "normal_count": 50.0,
        "anomaly_count": 45.0
    },
    "viaduct_19 strawberry": {
        "image_auroc": 0.38109999895095825,
        "pixel_ap": 0.03220000118017197,
        "normal_count": 175.0,
        "anomaly_count": 135.0
    },
    "viaduct_37 retractor": {
        "image_auroc": 0.4537000060081482,
        "pixel_ap": 0.001500000013038516,
        "normal_count": 180.0,
        "anomaly_count": 65.0
    },
    "viaduct_25 reinforcing sleeve": {
        "image_auroc": 0.45820000767707825,
        "pixel_ap": 0.0019000000320374966,
        "normal_count": 50.0,
        "anomaly_count": 11.0
    },
    "viaduct_35 pink tablet": {
        "image_auroc": 0.48330000042915344,
        "pixel_ap": 0.03840000182390213,
        "normal_count": 50.0,
        "anomaly_count": 60.0
    },
    "btad_02": {
        "image_auroc": 0.4083999991416931,
        "pixel_ap": 0.09099999815225601,
        "normal_count": 30.0,
        "anomaly_count": 190.0
    },
    "mpdd_bracket_black": {
        "image_auroc": 0.4205999970436096,
        "pixel_ap": 0.005900000222027302,
        "normal_count": 32.0,
        "anomaly_count": 37.0
    },
    "mpdd_metal_plate": {
        "image_auroc": 0.776199996471405,
        "pixel_ap": 0.17319999635219574,
        "normal_count": 26.0,
        "anomaly_count": 61.0
    },
    "mpdd_bracket_white": {
        "image_auroc": 0.30169999599456787,
        "pixel_ap": 0.002400000113993883,
        "normal_count": 30.0,
        "anomaly_count": 20.0
    },