{
    "mvtec_toothbrush": {
        "image_auroc": 0.4749999940395355,
        "pixel_ap": 0.02590000070631504,
        "normal_count": 12.0,
        "anomaly_count": 20.0
    },
    "continual_ad_Spoon": {
        "image_auroc": 0.2971999943256378,
        "pixel_ap": 0.0032999999821186066,
        "normal_count": 527.0,
        "anomaly_count": 517.0
    },
    "viaduct_11 ring cable lug": {
        "image_auroc": 0.5722000002861023,
        "pixel_ap": 0.0024999999441206455,
        "normal_count": 140.0,
        "anomaly_count": 56.0
    },
    "real_iad_button_battery": {
        "image_auroc": 0.5871999859809875,
        "pixel_ap": 0.003000000026077032,
        "normal_count": 2840.0,
        "anomaly_count": 2140.0
    },
    "real_iad_vcpill": {
        "image_auroc": 0.5077999830245972,
        "pixel_ap": 0.002199999988079071,
        "normal_count": 3545.0,
        "anomaly_count": 1460.0
    }
}