{
    "continual_ad_Cup": {
        "image_auroc": 0.28630000352859497,
        "pixel_ap": 0.008200000040233135,
        "normal_count": 517.0,
        "anomaly_count": 488.0
    },
    "mvtec_tile": {
        "image_auroc": 0.667900025844574,
        "pixel_ap": 0.14949999749660492,
        "normal_count": 33.0,
        "anomaly_count": 74.0
    },
    "viaduct_32 bone pliers": {
        "image_auroc": 0.5231999754905701,
        "pixel_ap": 0.0006000000284984708,
        "normal_count": 185.0,
        "anomaly_count": 63.0
    },
    "visa_macaroni1": {
        "image_auroc": 0.5077999830245972,
        "pixel_ap": 0.0005000000237487257,
        "normal_count": 100.0,
        "anomaly_count": 90.0
    },
    "viaduct_17 cherry": {
        "image_auroc": 0.510200023651123,
        "pixel_ap": 0.0035000001080334187,
        "normal_count": 275.0,
        "anomaly_count": 112.0
    }
}