{
    "continual_ad_Cup": {
        "image_auroc": 0.52920001745224,
        "pixel_ap": 0.0052999998442828655,
        "normal_count": 517.0,
        "anomaly_count": 488.0
    },
    "mvtec_tile": {
        "image_auroc": 0.758400022983551,
        "pixel_ap": 0.12380000203847885,
        "normal_count": 33.0,
        "anomaly_count": 74.0
    },
    "viaduct_32 bone pliers": {
        "image_auroc": 0.3889999985694885,
        "pixel_ap": 0.0003000000142492354,
        "normal_count": 185.0,
        "anomaly_count": 63.0
    },
    "visa_macaroni1": {
        "image_auroc": 0.5788000226020813,
        "pixel_ap": 0.00039999998989515007,
        "normal_count": 100.0,
        "anomaly_count": 90.0
    },
    "viaduct_17 cherry": {
        "image_auroc": 0.5777000188827515,
        "pixel_ap": 0.0010999999940395355,
        "normal_count": 275.0,
        "anomaly_count": 112.0
    }
}