{
    "continual_ad_Cup": {
        "image_auroc": 0.3637999892234802,
        "pixel_ap": 0.013299999758601189,
        "normal_count": 517.0,
        "anomaly_count": 488.0
    },
    "mvtec_tile": {
        "image_auroc": 0.3562999963760376,
        "pixel_ap": 0.09049999713897705,
        "normal_count": 33.0,
        "anomaly_count": 74.0
    },
    "viaduct_32 bone pliers": {
        "image_auroc": 0.5899999737739563,
        "pixel_ap": 0.00039999998989515007,
        "normal_count": 185.0,
        "anomaly_count": 63.0
    },
    "visa_macaroni1": {
        "image_auroc": 0.44130000472068787,
        "pixel_ap": 0.0008999999845400453,
        "normal_count": 100.0,
        "anomaly_count": 90.0
    },
    "viaduct_17 cherry": {
        "image_auroc": 0.414000004529953,
        "pixel_ap": 0.0017000000225380063,
        "normal_count": 275.0,
        "anomaly_count": 112.0
    }
}