{
    "continual_ad_Cup": {
        "image_auroc": 0.5142999887466431,
        "pixel_ap": 0.007499999832361937,
        "normal_count": 517.0,
        "anomaly_count": 488.0
    },
    "mvtec_tile": {
        "image_auroc": 0.6342999935150146,
        "pixel_ap": 0.09220000356435776,
        "normal_count": 33.0,
        "anomaly_count": 74.0
    },
    "viaduct_32 bone pliers": {
        "image_auroc": 0.5135999917984009,
        "pixel_ap": 0.0005000000237487257,
        "normal_count": 185.0,
        "anomaly_count": 63.0
    },
    "visa_macaroni1": {
        "image_auroc": 0.5033000111579895,
        "pixel_ap": 0.000699999975040555,
        "normal_count": 100.0,
        "anomaly_count": 90.0
    },
    "viaduct_17 cherry": {
        "image_auroc": 0.6344000101089478,
        "pixel_ap": 0.00139999995008111,
        "normal_count": 275.0,
        "anomaly_count": 112.0
    }
}