{
    "continual_ad_Cup": {
        "image_auroc": 0.27869999408721924,
        "pixel_ap": 0.00430000014603138,
        "normal_count": 517.0,
        "anomaly_count": 488.0
    },
    "mvtec_tile": {
        "image_auroc": 0.7390999794006348,
        "pixel_ap": 0.13809999823570251,
        "normal_count": 33.0,
        "anomaly_count": 74.0
    },
    "viaduct_32 bone pliers": {
        "image_auroc": 0.5952000021934509,
        "pixel_ap": 0.0008999999845400453,
        "normal_count": 185.0,
        "anomaly_count": 63.0
    },
    "visa_macaroni1": {
        "image_auroc": 0.5375999808311462,
        "pixel_ap": 0.0003000000142492354,
        "normal_count": 100.0,
        "anomaly_count": 90.0
    },
    "viaduct_17 cherry": {
        "image_auroc": 0.38429999351501465,
        "pixel_ap": 0.0013000000035390258,
        "normal_count": 275.0,
        "anomaly_count": 112.0
    }
}