{
    "continual_ad_Cup": {
        "image_auroc": 0.262800008058548,
        "pixel_ap": 0.004000000189989805,
        "normal_count": 517.0,
        "anomaly_count": 488.0
    },
    "mvtec_tile": {
        "image_auroc": 0.5532000064849854,
        "pixel_ap": 0.11190000176429749,
        "normal_count": 33.0,
        "anomaly_count": 74.0
    },
    "viaduct_32 bone pliers": {
        "image_auroc": 0.5353000164031982,
        "pixel_ap": 0.00279999990016222,
        "normal_count": 185.0,
        "anomaly_count": 63.0
    },
    "visa_macaroni1": {
        "image_auroc": 0.5590000152587891,
        "pixel_ap": 0.0013000000035390258,
        "normal_count": 100.0,
        "anomaly_count": 90.0
    },
    "viaduct_17 cherry": {
        "image_auroc": 0.5145000219345093,
        "pixel_ap": 0.006599999964237213,
        "normal_count": 275.0,
        "anomaly_count": 112.0
    }
}