{
    "continual_ad_Energy-bar": {
        "image_auroc": 0.43970000743865967,
        "pixel_ap": 0.042500000447034836,
        "normal_count": 329.0,
        "anomaly_count": 542.0
    },
    "continual_ad_Dollar": {
        "image_auroc": 0.5231999754905701,
        "pixel_ap": 0.021700000390410423,
        "normal_count": 391.0,
        "anomaly_count": 494.0
    },
    "viaduct_39 self-tapping bolt": {
        "image_auroc": 0.48420000076293945,
        "pixel_ap": 0.00989999994635582,
        "normal_count": 140.0,
        "anomaly_count": 140.0
    },
    "continual_ad_Candy": {
        "image_auroc": 0.19789999723434448,
        "pixel_ap": 0.006599999964237213,
        "normal_count": 517.0,
        "anomaly_count": 490.0
    },
    "viaduct_38 round pill": {
        "image_auroc": 0.6588000059127808,
        "pixel_ap": 0.013500000350177288,
        "normal_count": 50.0,
        "anomaly_count": 82.0
    }
}