{
    "continual_ad_Energy-bar": {
        "image_auroc": 0.4625000059604645,
        "pixel_ap": 0.06369999796152115,
        "normal_count": 329.0,
        "anomaly_count": 542.0
    },
    "continual_ad_Dollar": {
        "image_auroc": 0.44530001282691956,
        "pixel_ap": 0.019899999722838402,
        "normal_count": 391.0,
        "anomaly_count": 494.0
    },
    "viaduct_39 self-tapping bolt": {
        "image_auroc": 0.45649999380111694,
        "pixel_ap": 0.01140000019222498,
        "normal_count": 140.0,
        "anomaly_count": 140.0
    },
    "continual_ad_Candy": {
        "image_auroc": 0.13429999351501465,
        "pixel_ap": 0.00559999980032444,
        "normal_count": 517.0,
        "anomaly_count": 490.0
    },
    "viaduct_38 round pill": {
        "image_auroc": 0.3828999996185303,
        "pixel_ap": 0.008100000210106373,
        "normal_count": 50.0,
        "anomaly_count": 82.0
    }
}