{
    "mpdd_bracket_white": {
        "image_auroc": 0.3382999897003174,
        "pixel_ap": 0.0005000000237487257,
        "normal_count": 30.0,
        "anomaly_count": 20.0
    },
    "viaduct_48 saw blade": {
        "image_auroc": 0.45500001311302185,
        "pixel_ap": 0.00019999999494757503,
        "normal_count": 50.0,
        "anomaly_count": 20.0
    },
    "mpdd_metal_plate": {
        "image_auroc": 0.36000001430511475,
        "pixel_ap": 0.07100000232458115,
        "normal_count": 26.0,
        "anomaly_count": 61.0
    },
    "viaduct_35 pink tablet": {
        "image_auroc": 0.49869999289512634,
        "pixel_ap": 0.041600000113248825,
        "normal_count": 50.0,
        "anomaly_count": 60.0
    },
    "real_iad_u_block": {
        "image_auroc": 0.4984999895095825,
        "pixel_ap": 0.0006000000284984708,
        "normal_count": 3766.0,
        "anomaly_count": 1204.0
    }
}