{
    "mpdd_bracket_white": {
        "image_auroc": 0.38999998569488525,
        "pixel_ap": 0.00039999998989515007,
        "normal_count": 30.0,
        "anomaly_count": 20.0
    },
    "viaduct_48 saw blade": {
        "image_auroc": 0.5509999990463257,
        "pixel_ap": 0.0026000000070780516,
        "normal_count": 50.0,
        "anomaly_count": 20.0
    },
    "mpdd_metal_plate": {
        "image_auroc": 0.24650000035762787,
        "pixel_ap": 0.07370000332593918,
        "normal_count": 26.0,
        "anomaly_count": 61.0
    },
    "viaduct_35 pink tablet": {
        "image_auroc": 0.5242999792098999,
        "pixel_ap": 0.05480000004172325,
        "normal_count": 50.0,
        "anomaly_count": 60.0
    },
    "real_iad_u_block": {
        "image_auroc": 0.5462999939918518,
        "pixel_ap": 0.0031999999191612005,
        "normal_count": 3766.0,
        "anomaly_count": 1204.0
    }
}