{
    "continual_ad_Energy-bar": {
        "image_auroc": 0.5645999908447266,
        "pixel_ap": 0.09619999676942825,
        "normal_count": 329.0,
        "anomaly_count": 542.0
    },
    "continual_ad_Apple": {
        "image_auroc": 0.3165000081062317,
        "pixel_ap": 0.027400000020861626,
        "normal_count": 490.0,
        "anomaly_count": 502.0
    },
    "continual_ad_Kleenex": {
        "image_auroc": 0.4050000011920929,
        "pixel_ap": 0.019200000911951065,
        "normal_count": 480.0,
        "anomaly_count": 519.0
    },
    "continual_ad_Ruler": {
        "image_auroc": 0.7631000280380249,
        "pixel_ap": 0.0034000000450760126,
        "normal_count": 277.0,
        "anomaly_count": 490.0
    },
    "continual_ad_Toothpaste": {
        "image_auroc": 0.531499981880188,
        "pixel_ap": 0.01119999960064888,
        "normal_count": 513.0,
        "anomaly_count": 516.0
    },
    "continual_ad_Sunglasses": {
        "image_auroc": 0.6658999919891357,
        "pixel_ap": 0.025599999353289604,
        "normal_count": 499.0,
        "anomaly_count": 572.0
    },
    "continual_ad_Capsule": {
        "image_auroc": 0.3513999879360199,
        "pixel_ap": 0.004399999976158142,
        "normal_count": 507.0,
        "anomaly_count": 493.0
    },
    "continual_ad_Flash-drive": {
        "image_auroc": 0.24150000512599945,
        "pixel_ap": 0.007300000172108412,
        "normal_count": 522.0,
        "anomaly_count": 495.0
    },
    "continual_ad_Band-aid": {
        "image_auroc": 0.4717000126838684,
        "pixel_ap": 0.004900000058114529,
        "normal_count": 511.0,
        "anomaly_count": 491.0
    },
    "continual_ad_Cucumber": {
        "image_auroc": 0.33329999446868896,
        "pixel_ap": 0.007799999788403511,
        "normal_count": 505.0,
        "anomaly_count": 507.0
    },
    "continual_ad_Toothbrush": {
        "image_auroc": 0.40070000290870667,
        "pixel_ap": 0.003700000001117587,
        "normal_count": 500.0,
        "anomaly_count": 549.0
    },
    "continual_ad_Soap": {
        "image_auroc": 0.43050000071525574,
        "pixel_ap": 0.0071000000461936,
        "normal_count": 394.0,
        "anomaly_count": 787.0
    },
    "continual_ad_Dollar": {
        "image_auroc": 0.616599977016449,
        "pixel_ap": 0.02280000038444996,
        "normal_count": 391.0,
        "anomaly_count": 494.0
    },
    "continual_ad_Pencil": {
        "image_auroc": 0.44530001282691956,
        "pixel_ap": 0.0017000000225380063,
        "normal_count": 518.0,
        "anomaly_count": 517.0
    },
    "continual_ad_Fork": {
        "image_auroc": 0.32019999623298645,
        "pixel_ap": 0.00989999994635582,
        "normal_count": 537.0,
        "anomaly_count": 507.0
    },
    "continual_ad_Toy": {
        "image_auroc": 0.6904000043869019,
        "pixel_ap": 0.006099999882280827,
        "normal_count": 368.0,
        "anomaly_count": 492.0
    },
    "continual_ad_Multi-pen": {
        "image_auroc": 0.44749999046325684,
        "pixel_ap": 0.004100000020116568,
        "normal_count": 494.0,
        "anomaly_count": 492.0
    },
    "continual_ad_Chopsticks": {
        "image_auroc": 0.4408999979496002,
        "pixel_ap": 0.007499999832361937,
        "normal_count": 488.0,
        "anomaly_count": 524.0
    },
    "mvtec_leather": {
        "image_auroc": 0.5152000188827515,
        "pixel_ap": 0.021700000390410423,
        "normal_count": 32.0,
        "anomaly_count": 82.0
    },
    "mvtec_hazelnut": {
        "image_auroc": 0.5041999816894531,
        "pixel_ap": 0.04309999942779541,
        "normal_count": 40.0,
        "anomaly_count": 60.0
    },
    "mvtec_pill": {
        "image_auroc": 0.5088000297546387,
        "pixel_ap": 0.04089999943971634,
        "normal_count": 26.0,
        "anomaly_count": 131.0
    },
    "mvtec_wood": {
        "image_auroc": 0.6252999901771545,
        "pixel_ap": 0.07819999754428864,
        "normal_count": 19.0,
        "anomaly_count": 50.0
    },
    "mvtec_screw": {
        "image_auroc": 0.5126000046730042,
        "pixel_ap": 0.005499999970197678,
        "normal_count": 41.0,
        "anomaly_count": 109.0
    },
    "mvtec_zipper": {
        "image_auroc": 0.5169000029563904,
        "pixel_ap": 0.05050000175833702,
        "normal_count": 32.0,
        "anomaly_count": 109.0
    },
    "mvtec_grid": {
        "image_auroc": 0.6424000263214111,
        "pixel_ap": 0.02160000056028366,
        "normal_count": 21.0,
        "anomaly_count": 47.0
    },
    "mvtec_metal_nut": {
        "image_auroc": 0.295199990272522,
        "pixel_ap": 0.1428000032901764,
        "normal_count": 22.0,
        "anomaly_count": 83.0
    },
    "mvtec_bottle": {
        "image_auroc": 0.7491000294685364,
        "pixel_ap": 0.2303999960422516,
        "normal_count": 20.0,
        "anomaly_count": 53.0
    },
    "visa_pcb4": {
        "image_auroc": 0.49320000410079956,
        "pixel_ap": 0.015799999237060547,
        "normal_count": 101.0,
        "anomaly_count": 90.0
    },
    "visa_candle": {
        "image_auroc": 0.5160999894142151,
        "pixel_ap": 0.006800000090152025,
        "normal_count": 100.0,
        "anomaly_count": 90.0
    },
    "visa_pipe_fryum": {
        "image_auroc": 0.6442000269889832,
        "pixel_ap": 0.07259999960660934,
        "normal_count": 50.0,
        "anomaly_count": 90.0
    },
    "visa_cashew": {
        "image_auroc": 0.5593000054359436,
        "pixel_ap": 0.045899998396635056,
        "normal_count": 50.0,
        "anomaly_count": 90.0
    },
    "visa_chewinggum": {
        "image_auroc": 0.5997999906539917,
        "pixel_ap": 0.04470000043511391,
        "normal_count": 50.0,
        "anomaly_count": 90.0
    },
    "visa_pcb1": {
        "image_auroc": 0.3971000015735626,
        "pixel_ap": 0.005100000184029341,
        "normal_count": 100.0,
        "anomaly_count": 90.0
    },
    "visa_macaroni2": {
        "image_auroc": 0.5163000226020813,
        "pixel_ap": 0.0010999999940395355,
        "normal_count": 100.0,
        "anomaly_count": 90.0
    },
    "viaduct_10 PCB": {
        "image_auroc": 0.4083999991416931,
        "pixel_ap": 0.002300000051036477,
        "normal_count": 50.0,
        "anomaly_count": 45.0
    },
    "viaduct_43 paperclip": {
        "image_auroc": 0.7692999839782715,
        "pixel_ap": 0.04800000041723251,
        "normal_count": 110.0,
        "anomaly_count": 63.0
    },
    "viaduct_37 retractor": {
        "image_auroc": 0.4129999876022339,
        "pixel_ap": 0.02370000071823597,
        "normal_count": 180.0,
        "anomaly_count": 65.0
    },
    "viaduct_44 tack": {
        "image_auroc": 0.5235999822616577,
        "pixel_ap": 0.0560000017285347,
        "normal_count": 160.0,
        "anomaly_count": 137.0
    },
    "viaduct_39 self-tapping bolt": {
        "image_auroc": 0.5497000217437744,
        "pixel_ap": 0.06379999965429306,
        "normal_count": 140.0,
        "anomaly_count": 140.0
    },
    "viaduct_12 rotary encoder": {
        "image_auroc": 0.6495000123977661,
        "pixel_ap": 0.009800000116229057,
        "normal_count": 50.0,
        "anomaly_count": 19.0
    },
    "viaduct_06 coaxial t-adapter": {
        "image_auroc": 0.5353999733924866,
        "pixel_ap": 0.012900000438094139,
        "normal_count": 105.0,
        "anomaly_count": 14.0
    },
    "viaduct_19 strawberry": {
        "image_auroc": 0.4968999922275543,
        "pixel_ap": 0.17730000615119934,
        "normal_count": 175.0,
        "anomaly_count": 135.0
    },
    "viaduct_15 terminal block B": {
        "image_auroc": 0.4431000053882599,
        "pixel_ap": 0.005900000222027302,
        "normal_count": 65.0,
        "anomaly_count": 50.0
    },
    "viaduct_28 key": {
        "image_auroc": 0.47589999437332153,
        "pixel_ap": 0.056299999356269836,
        "normal_count": 90.0,
        "anomaly_count": 30.0
    },