{
    "continual_ad_Energy-bar": {
        "image_auroc": 0.46619999408721924,
        "pixel_ap": 0.01860000006854534,
        "normal_count": 329.0,
        "anomaly_count": 542.0
    },
    "continual_ad_Apple": {
        "image_auroc": 0.25440001487731934,
        "pixel_ap": 0.007400000002235174,
        "normal_count": 490.0,
        "anomaly_count": 502.0
    },
    "continual_ad_Kleenex": {
        "image_auroc": 0.39100000262260437,
        "pixel_ap": 0.019700000062584877,
        "normal_count": 480.0,
        "anomaly_count": 519.0
    },
    "continual_ad_Ruler": {
        "image_auroc": 0.40619999170303345,
        "pixel_ap": 0.0012000000569969416,
        "normal_count": 277.0,
        "anomaly_count": 490.0
    },
    "continual_ad_Toothpaste": {
        "image_auroc": 0.5989999771118164,
        "pixel_ap": 0.002400000113993883,
        "normal_count": 513.0,
        "anomaly_count": 516.0
    },
    "continual_ad_Sunglasses": {
        "image_auroc": 0.5680999755859375,
        "pixel_ap": 0.011500000022351742,
        "normal_count": 499.0,
        "anomaly_count": 572.0
    },
    "continual_ad_Capsule": {
        "image_auroc": 0.4927999973297119,
        "pixel_ap": 0.00139999995008111,
        "normal_count": 507.0,
        "anomaly_count": 493.0
    },
    "continual_ad_Flash-drive": {
        "image_auroc": 0.5386999845504761,
        "pixel_ap": 0.005200000014156103,
        "normal_count": 522.0,
        "anomaly_count": 495.0
    },
    "continual_ad_Band-aid": {
        "image_auroc": 0.5117999911308289,
        "pixel_ap": 0.0034000000450760126,
        "normal_count": 511.0,
        "anomaly_count": 491.0
    },
    "continual_ad_Cucumber": {
        "image_auroc": 0.39820000529289246,
        "pixel_ap": 0.0024999999441206455,
        "normal_count": 505.0,
        "anomaly_count": 507.0
    },
    "continual_ad_Toothbrush": {
        "image_auroc": 0.32690000534057617,
        "pixel_ap": 0.002300000051036477,
        "normal_count": 500.0,
        "anomaly_count": 549.0
    },
    "continual_ad_Soap": {
        "image_auroc": 0.4690000116825104,
        "pixel_ap": 0.004999999888241291,
        "normal_count": 394.0,
        "anomaly_count": 787.0
    },
    "continual_ad_Dollar": {
        "image_auroc": 0.5424000024795532,
        "pixel_ap": 0.014600000344216824,
        "normal_count": 391.0,
        "anomaly_count": 494.0
    },
    "continual_ad_Pencil": {
        "image_auroc": 0.37209999561309814,
        "pixel_ap": 0.001500000013038516,
        "normal_count": 518.0,
        "anomaly_count": 517.0
    },
    "continual_ad_Fork": {
        "image_auroc": 0.3693999946117401,
        "pixel_ap": 0.003599999938160181,
        "normal_count": 537.0,
        "anomaly_count": 507.0
    },
    "continual_ad_Toy": {
        "image_auroc": 0.7002000212669373,
        "pixel_ap": 0.0031999999191612005,
        "normal_count": 368.0,
        "anomaly_count": 492.0
    },
    "continual_ad_Multi-pen": {
        "image_auroc": 0.3522000014781952,
        "pixel_ap": 0.00430000014603138,
        "normal_count": 494.0,
        "anomaly_count": 492.0
    },
    "continual_ad_Chopsticks": {
        "image_auroc": 0.29019999504089355,
        "pixel_ap": 0.006599999964237213,
        "normal_count": 488.0,
        "anomaly_count": 524.0
    },
    "mvtec_leather": {
        "image_auroc": 0.5454000234603882,
        "pixel_ap": 0.00989999994635582,
        "normal_count": 32.0,
        "anomaly_count": 82.0
    },
    "mvtec_hazelnut": {
        "image_auroc": 0.6254000067710876,
        "pixel_ap": 0.014000000432133675,
        "normal_count": 40.0,
        "anomaly_count": 60.0
    },
    "mvtec_pill": {
        "image_auroc": 0.5260999798774719,
        "pixel_ap": 0.023499999195337296,
        "normal_count": 26.0,
        "anomaly_count": 131.0
    },
    "mvtec_wood": {
        "image_auroc": 0.5462999939918518,
        "pixel_ap": 0.041600000113248825,
        "normal_count": 19.0,
        "anomaly_count": 50.0
    },
    "mvtec_screw": {
        "image_auroc": 0.460099995136261,
        "pixel_ap": 0.0020000000949949026,
        "normal_count": 41.0,
        "anomaly_count": 109.0
    },
    "mvtec_zipper": {
        "image_auroc": 0.4431999921798706,
        "pixel_ap": 0.015300000086426735,
        "normal_count": 32.0,
        "anomaly_count": 109.0
    },
    "mvtec_grid": {
        "image_auroc": 0.42149999737739563,
        "pixel_ap": 0.014800000004470348,
        "normal_count": 21.0,
        "anomaly_count": 47.0
    },
    "mvtec_metal_nut": {
        "image_auroc": 0.5115000009536743,
        "pixel_ap": 0.09189999848604202,
        "normal_count": 22.0,
        "anomaly_count": 83.0
    },
    "mvtec_bottle": {
        "image_auroc": 0.48489999771118164,
        "pixel_ap": 0.039000000804662704,
        "normal_count": 20.0,
        "anomaly_count": 53.0
    },
    "visa_pcb4": {
        "image_auroc": 0.39309999346733093,
        "pixel_ap": 0.00419999985024333,
        "normal_count": 101.0,
        "anomaly_count": 90.0
    },
    "visa_candle": {
        "image_auroc": 0.5807999968528748,
        "pixel_ap": 0.0008999999845400453,
        "normal_count": 100.0,
        "anomaly_count": 90.0
    },
    "visa_pipe_fryum": {
        "image_auroc": 0.4871000051498413,
        "pixel_ap": 0.0066999997943639755,
        "normal_count": 50.0,
        "anomaly_count": 90.0
    },
    "visa_cashew": {
        "image_auroc": 0.5418000221252441,
        "pixel_ap": 0.009399999864399433,
        "normal_count": 50.0,
        "anomaly_count": 90.0
    },
    "visa_chewinggum": {
        "image_auroc": 0.46160000562667847,
        "pixel_ap": 0.0034000000450760126,
        "normal_count": 50.0,
        "anomaly_count": 90.0
    },
    "visa_pcb1": {
        "image_auroc": 0.43140000104904175,
        "pixel_ap": 0.0032999999821186066,
        "normal_count": 100.0,
        "anomaly_count": 90.0
    },
    "visa_macaroni2": {
        "image_auroc": 0.4657000005245209,
        "pixel_ap": 0.00019999999494757503,
        "normal_count": 100.0,
        "anomaly_count": 90.0
    },
    "viaduct_10 PCB": {
        "image_auroc": 0.5048999786376953,
        "pixel_ap": 0.000699999975040555,
        "normal_count": 50.0,
        "anomaly_count": 45.0
    },
    "viaduct_43 paperclip": {
        "image_auroc": 0.5271000266075134,
        "pixel_ap": 0.0034000000450760126,
        "normal_count": 110.0,
        "anomaly_count": 63.0
    },
    "viaduct_37 retractor": {
        "image_auroc": 0.4578999876976013,
        "pixel_ap": 0.0017000000225380063,
        "normal_count": 180.0,
        "anomaly_count": 65.0
    },
    "viaduct_44 tack": {
        "image_auroc": 0.5016999840736389,
        "pixel_ap": 0.002300000051036477,
        "normal_count": 160.0,
        "anomaly_count": 137.0
    },
    "viaduct_39 self-tapping bolt": {
        "image_auroc": 0.4887999892234802,
        "pixel_ap": 0.005200000014156103,
        "normal_count": 140.0,
        "anomaly_count": 140.0
    },
    "viaduct_12 rotary encoder": {
        "image_auroc": 0.474700003862381,
        "pixel_ap": 0.000699999975040555,
        "normal_count": 50.0,
        "anomaly_count": 19.0
    },
    "viaduct_06 coaxial t-adapter": {
        "image_auroc": 0.5706999897956848,
        "pixel_ap": 0.0024999999441206455,
        "normal_count": 105.0,
        "anomaly_count": 14.0
    },
    "viaduct_19 strawberry": {
        "image_auroc": 0.3919999897480011,
        "pixel_ap": 0.01769999973475933,
        "normal_count": 175.0,
        "anomaly_count": 135.0
    },
    "viaduct_15 terminal block B": {
        "image_auroc": 0.3874000012874603,
        "pixel_ap": 0.002099999925121665,
        "normal_count": 65.0,
        "anomaly_count": 50.0
    },
    "viaduct_28 key": {
        "image_auroc": 0.4821999967098236,
        "pixel_ap": 0.007199999876320362,
        "normal_count": 90.0,
        "anomaly_count": 30.0
    },