{
    "continual_ad_Energy-bar": {
        "image_auroc": 0.8062000274658203,
        "pixel_ap": 0.049300000071525574,
        "normal_count": 329.0,
        "anomaly_count": 542.0
    },
    "continual_ad_Apple": {
        "image_auroc": 0.5697000026702881,
        "pixel_ap": 0.017899999395012856,
        "normal_count": 490.0,
        "anomaly_count": 502.0
    },
    "continual_ad_Kleenex": {
        "image_auroc": 0.36480000615119934,
        "pixel_ap": 0.013500000350177288,
        "normal_count": 480.0,
        "anomaly_count": 519.0
    },
    "continual_ad_Ruler": {
        "image_auroc": 0.8508999943733215,
        "pixel_ap": 0.00419999985024333,
        "normal_count": 277.0,
        "anomaly_count": 490.0
    },
    "continual_ad_Toothpaste": {
        "image_auroc": 0.6913999915122986,
        "pixel_ap": 0.00559999980032444,
        "normal_count": 513.0,
        "anomaly_count": 516.0
    },
    "continual_ad_Sunglasses": {
        "image_auroc": 0.7785999774932861,
        "pixel_ap": 0.02759999968111515,
        "normal_count": 499.0,
        "anomaly_count": 572.0
    },
    "continual_ad_Capsule": {
        "image_auroc": 0.6743000149726868,
        "pixel_ap": 0.003100000089034438,
        "normal_count": 507.0,
        "anomaly_count": 493.0
    },
    "continual_ad_Flash-drive": {
        "image_auroc": 0.5895000100135803,
        "pixel_ap": 0.01209999993443489,
        "normal_count": 522.0,
        "anomaly_count": 495.0
    },
    "continual_ad_Band-aid": {
        "image_auroc": 0.498199999332428,
        "pixel_ap": 0.005100000184029341,
        "normal_count": 511.0,
        "anomaly_count": 491.0
    },
    "continual_ad_Cucumber": {
        "image_auroc": 0.7020000219345093,
        "pixel_ap": 0.007899999618530273,
        "normal_count": 505.0,
        "anomaly_count": 507.0
    },
    "continual_ad_Toothbrush": {
        "image_auroc": 0.6917999982833862,
        "pixel_ap": 0.005400000140070915,
        "normal_count": 500.0,
        "anomaly_count": 549.0
    },
    "continual_ad_Soap": {
        "image_auroc": 0.4961000084877014,
        "pixel_ap": 0.007699999958276749,
        "normal_count": 394.0,
        "anomaly_count": 787.0
    },
    "continual_ad_Dollar": {
        "image_auroc": 0.697700023651123,
        "pixel_ap": 0.014399999752640724,
        "normal_count": 391.0,
        "anomaly_count": 494.0
    },
    "continual_ad_Pencil": {
        "image_auroc": 0.7235000133514404,
        "pixel_ap": 0.0015999999595806003,
        "normal_count": 518.0,
        "anomaly_count": 517.0
    },
    "continual_ad_Fork": {
        "image_auroc": 0.5791000127792358,
        "pixel_ap": 0.02630000002682209,
        "normal_count": 537.0,
        "anomaly_count": 507.0
    },
    "continual_ad_Toy": {
        "image_auroc": 0.8259000182151794,
        "pixel_ap": 0.006000000052154064,
        "normal_count": 368.0,
        "anomaly_count": 492.0
    },
    "continual_ad_Multi-pen": {
        "image_auroc": 0.6819999814033508,
        "pixel_ap": 0.004000000189989805,
        "normal_count": 494.0,
        "anomaly_count": 492.0
    },
    "continual_ad_Chopsticks": {
        "image_auroc": 0.7601000070571899,
        "pixel_ap": 0.009800000116229057,
        "normal_count": 488.0,
        "anomaly_count": 524.0
    },
    "mvtec_leather": {
        "image_auroc": 0.6363999843597412,
        "pixel_ap": 0.02669999934732914,
        "normal_count": 32.0,
        "anomaly_count": 82.0
    },
    "mvtec_hazelnut": {
        "image_auroc": 0.3082999885082245,
        "pixel_ap": 0.016899999231100082,
        "normal_count": 40.0,
        "anomaly_count": 60.0
    },
    "mvtec_pill": {
        "image_auroc": 0.5131999850273132,
        "pixel_ap": 0.04430000111460686,
        "normal_count": 26.0,
        "anomaly_count": 131.0
    },
    "mvtec_wood": {
        "image_auroc": 0.5346999764442444,
        "pixel_ap": 0.09709999710321426,
        "normal_count": 19.0,
        "anomaly_count": 50.0
    },
    "mvtec_screw": {
        "image_auroc": 0.5705999732017517,
        "pixel_ap": 0.006300000008195639,
        "normal_count": 41.0,
        "anomaly_count": 109.0
    },
    "mvtec_zipper": {
        "image_auroc": 0.6215999722480774,
        "pixel_ap": 0.014700000174343586,
        "normal_count": 32.0,
        "anomaly_count": 109.0
    },
    "mvtec_grid": {
        "image_auroc": 0.5663999915122986,
        "pixel_ap": 0.016699999570846558,
        "normal_count": 21.0,
        "anomaly_count": 47.0
    },
    "mvtec_metal_nut": {
        "image_auroc": 0.4496000111103058,
        "pixel_ap": 0.14920000731945038,
        "normal_count": 22.0,
        "anomaly_count": 83.0
    },
    "mvtec_bottle": {
        "image_auroc": 0.35089999437332153,
        "pixel_ap": 0.05820000171661377,
        "normal_count": 20.0,
        "anomaly_count": 53.0
    },
    "visa_pcb4": {
        "image_auroc": 0.34470000863075256,
        "pixel_ap": 0.004800000227987766,
        "normal_count": 101.0,
        "anomaly_count": 90.0
    },
    "visa_candle": {
        "image_auroc": 0.450300008058548,
        "pixel_ap": 0.0020000000949949026,
        "normal_count": 100.0,
        "anomaly_count": 90.0
    },
    "visa_pipe_fryum": {
        "image_auroc": 0.5468999743461609,
        "pixel_ap": 0.265500009059906,
        "normal_count": 50.0,
        "anomaly_count": 90.0
    },
    "visa_cashew": {
        "image_auroc": 0.5297999978065491,
        "pixel_ap": 0.14319999516010284,
        "normal_count": 50.0,
        "anomaly_count": 90.0
    },
    "visa_chewinggum": {
        "image_auroc": 0.47780001163482666,
        "pixel_ap": 0.01679999940097332,
        "normal_count": 50.0,
        "anomaly_count": 90.0
    },
    "visa_pcb1": {
        "image_auroc": 0.510699987411499,
        "pixel_ap": 0.0035000001080334187,
        "normal_count": 100.0,
        "anomaly_count": 90.0
    },
    "visa_macaroni2": {
        "image_auroc": 0.4693000018596649,
        "pixel_ap": 0.0013000000035390258,
        "normal_count": 100.0,
        "anomaly_count": 90.0
    },
    "viaduct_10 PCB": {
        "image_auroc": 0.3671000003814697,
        "pixel_ap": 0.000699999975040555,
        "normal_count": 50.0,
        "anomaly_count": 45.0
    },
    "viaduct_43 paperclip": {
        "image_auroc": 0.5306000113487244,
        "pixel_ap": 0.03310000151395798,
        "normal_count": 110.0,
        "anomaly_count": 63.0
    },
    "viaduct_37 retractor": {
        "image_auroc": 0.48989999294281006,
        "pixel_ap": 0.014499999582767487,
        "normal_count": 180.0,
        "anomaly_count": 65.0
    },
    "viaduct_44 tack": {
        "image_auroc": 0.4146000146865845,
        "pixel_ap": 0.02500000037252903,
        "normal_count": 160.0,
        "anomaly_count": 137.0
    },
    "viaduct_39 self-tapping bolt": {
        "image_auroc": 0.5078999996185303,
        "pixel_ap": 0.04410000145435333,
        "normal_count": 140.0,
        "anomaly_count": 140.0
    },
    "viaduct_12 rotary encoder": {
        "image_auroc": 0.39579999446868896,
        "pixel_ap": 0.005100000184029341,
        "normal_count": 50.0,
        "anomaly_count": 19.0
    },
    "viaduct_06 coaxial t-adapter": {
        "image_auroc": 0.5856999754905701,
        "pixel_ap": 0.019200000911951065,
        "normal_count": 105.0,
        "anomaly_count": 14.0
    },
    "viaduct_19 strawberry": {
        "image_auroc": 0.5188999772071838,
        "pixel_ap": 0.06639999896287918,
        "normal_count": 175.0,
        "anomaly_count": 135.0
    },
    "viaduct_15 terminal block B": {
        "image_auroc": 0.40860000252723694,
        "pixel_ap": 0.0027000000700354576,
        "normal_count": 65.0,
        "anomaly_count": 50.0
    },
    "viaduct_28 key": {
        "image_auroc": 0.4747999906539917,
        "pixel_ap": 0.020800000056624413,
        "normal_count": 90.0,
        "anomaly_count": 30.0
    },