{
    "continual_ad_Energy-bar": {
        "image_auroc": 0.4618000090122223,
        "pixel_ap": 0.03150000050663948,
        "normal_count": 329.0,
        "anomaly_count": 542.0
    },
    "continual_ad_Apple": {
        "image_auroc": 0.4957999885082245,
        "pixel_ap": 0.011099999770522118,
        "normal_count": 490.0,
        "anomaly_count": 502.0
    },
    "continual_ad_Kleenex": {
        "image_auroc": 0.4205999970436096,
        "pixel_ap": 0.012600000016391277,
        "normal_count": 480.0,
        "anomaly_count": 519.0
    },
    "continual_ad_Ruler": {
        "image_auroc": 0.6669999957084656,
        "pixel_ap": 0.002199999988079071,
        "normal_count": 277.0,
        "anomaly_count": 490.0
    },
    "continual_ad_Toothpaste": {
        "image_auroc": 0.4643000066280365,
        "pixel_ap": 0.0019000000320374966,
        "normal_count": 513.0,
        "anomaly_count": 516.0
    },
    "continual_ad_Sunglasses": {
        "image_auroc": 0.4081999957561493,
        "pixel_ap": 0.015699999406933784,
        "normal_count": 499.0,
        "anomaly_count": 572.0
    },
    "continual_ad_Capsule": {
        "image_auroc": 0.4410000145435333,
        "pixel_ap": 0.002099999925121665,
        "normal_count": 507.0,
        "anomaly_count": 493.0
    },
    "continual_ad_Flash-drive": {
        "image_auroc": 0.44769999384880066,
        "pixel_ap": 0.004900000058114529,
        "normal_count": 522.0,
        "anomaly_count": 495.0
    },
    "continual_ad_Band-aid": {
        "image_auroc": 0.5404999852180481,
        "pixel_ap": 0.004699999932199717,
        "normal_count": 511.0,
        "anomaly_count": 491.0
    },
    "continual_ad_Cucumber": {
        "image_auroc": 0.6349999904632568,
        "pixel_ap": 0.005400000140070915,
        "normal_count": 505.0,
        "anomaly_count": 507.0
    },
    "continual_ad_Toothbrush": {
        "image_auroc": 0.6029000282287598,
        "pixel_ap": 0.0031999999191612005,
        "normal_count": 500.0,
        "anomaly_count": 549.0
    },
    "continual_ad_Soap": {
        "image_auroc": 0.4431999921798706,
        "pixel_ap": 0.006200000178068876,
        "normal_count": 394.0,
        "anomaly_count": 787.0
    },
    "continual_ad_Dollar": {
        "image_auroc": 0.6071000099182129,
        "pixel_ap": 0.013399999588727951,
        "normal_count": 391.0,
        "anomaly_count": 494.0
    },
    "continual_ad_Pencil": {
        "image_auroc": 0.5123000144958496,
        "pixel_ap": 0.0013000000035390258,
        "normal_count": 518.0,
        "anomaly_count": 517.0
    },
    "continual_ad_Fork": {
        "image_auroc": 0.5631999969482422,
        "pixel_ap": 0.01209999993443489,
        "normal_count": 537.0,
        "anomaly_count": 507.0
    },
    "continual_ad_Toy": {
        "image_auroc": 0.6572999954223633,
        "pixel_ap": 0.003599999938160181,
        "normal_count": 368.0,
        "anomaly_count": 492.0
    },
    "continual_ad_Multi-pen": {
        "image_auroc": 0.47279998660087585,
        "pixel_ap": 0.0035000001080334187,
        "normal_count": 494.0,
        "anomaly_count": 492.0
    },
    "continual_ad_Chopsticks": {
        "image_auroc": 0.43939998745918274,
        "pixel_ap": 0.007300000172108412,
        "normal_count": 488.0,
        "anomaly_count": 524.0
    },
    "mvtec_leather": {
        "image_auroc": 0.6620000004768372,
        "pixel_ap": 0.016699999570846558,
        "normal_count": 32.0,
        "anomaly_count": 82.0
    },
    "mvtec_hazelnut": {
        "image_auroc": 0.37880000472068787,
        "pixel_ap": 0.01860000006854534,
        "normal_count": 40.0,
        "anomaly_count": 60.0
    },
    "mvtec_pill": {
        "image_auroc": 0.5206000208854675,
        "pixel_ap": 0.034699998795986176,
        "normal_count": 26.0,
        "anomaly_count": 131.0
    },
    "mvtec_wood": {
        "image_auroc": 0.7063000202178955,
        "pixel_ap": 0.07039999961853027,
        "normal_count": 19.0,
        "anomaly_count": 50.0
    },
    "mvtec_screw": {
        "image_auroc": 0.5641000270843506,
        "pixel_ap": 0.006099999882280827,
        "normal_count": 41.0,
        "anomaly_count": 109.0
    },
    "mvtec_zipper": {
        "image_auroc": 0.6660000085830688,
        "pixel_ap": 0.01889999955892563,
        "normal_count": 32.0,
        "anomaly_count": 109.0
    },
    "mvtec_grid": {
        "image_auroc": 0.48730000853538513,
        "pixel_ap": 0.008700000122189522,
        "normal_count": 21.0,
        "anomaly_count": 47.0
    },
    "mvtec_metal_nut": {
        "image_auroc": 0.30390000343322754,
        "pixel_ap": 0.10840000212192535,
        "normal_count": 22.0,
        "anomaly_count": 83.0
    },
    "mvtec_bottle": {
        "image_auroc": 0.382099986076355,
        "pixel_ap": 0.14990000426769257,
        "normal_count": 20.0,
        "anomaly_count": 53.0
    },
    "visa_pcb4": {
        "image_auroc": 0.47099998593330383,
        "pixel_ap": 0.005499999970197678,
        "normal_count": 101.0,
        "anomaly_count": 90.0
    },
    "visa_candle": {
        "image_auroc": 0.3970000147819519,
        "pixel_ap": 0.0034000000450760126,
        "normal_count": 100.0,
        "anomaly_count": 90.0
    },
    "visa_pipe_fryum": {
        "image_auroc": 0.5076000094413757,
        "pixel_ap": 0.07829999923706055,
        "normal_count": 50.0,
        "anomaly_count": 90.0
    },
    "visa_cashew": {
        "image_auroc": 0.5479999780654907,
        "pixel_ap": 0.009999999776482582,
        "normal_count": 50.0,
        "anomaly_count": 90.0
    },
    "visa_chewinggum": {
        "image_auroc": 0.40869998931884766,
        "pixel_ap": 0.005499999970197678,
        "normal_count": 50.0,
        "anomaly_count": 90.0
    },
    "visa_pcb1": {
        "image_auroc": 0.35690000653266907,
        "pixel_ap": 0.0044999998062849045,
        "normal_count": 100.0,
        "anomaly_count": 90.0
    },
    "visa_macaroni2": {
        "image_auroc": 0.4607999920845032,
        "pixel_ap": 0.0010999999940395355,
        "normal_count": 100.0,
        "anomaly_count": 90.0
    },
    "viaduct_10 PCB": {
        "image_auroc": 0.49639999866485596,
        "pixel_ap": 0.0019000000320374966,
        "normal_count": 50.0,
        "anomaly_count": 45.0
    },
    "viaduct_43 paperclip": {
        "image_auroc": 0.6176999807357788,
        "pixel_ap": 0.021800000220537186,
        "normal_count": 110.0,
        "anomaly_count": 63.0
    },
    "viaduct_37 retractor": {
        "image_auroc": 0.47850000858306885,
        "pixel_ap": 0.0034000000450760126,
        "normal_count": 180.0,
        "anomaly_count": 65.0
    },
    "viaduct_44 tack": {
        "image_auroc": 0.5023999810218811,
        "pixel_ap": 0.007899999618530273,
        "normal_count": 160.0,
        "anomaly_count": 137.0
    },
    "viaduct_39 self-tapping bolt": {
        "image_auroc": 0.5031999945640564,
        "pixel_ap": 0.02410000003874302,
        "normal_count": 140.0,
        "anomaly_count": 140.0
    },
    "viaduct_12 rotary encoder": {
        "image_auroc": 0.28209999203681946,
        "pixel_ap": 0.0052999998442828655,
        "normal_count": 50.0,
        "anomaly_count": 19.0
    },
    "viaduct_06 coaxial t-adapter": {
        "image_auroc": 0.2727999985218048,
        "pixel_ap": 0.011900000274181366,
        "normal_count": 105.0,
        "anomaly_count": 14.0
    },
    "viaduct_19 strawberry": {
        "image_auroc": 0.6029999852180481,
        "pixel_ap": 0.09139999747276306,
        "normal_count": 175.0,
        "anomaly_count": 135.0
    },
    "viaduct_15 terminal block B": {
        "image_auroc": 0.6245999932289124,
        "pixel_ap": 0.00419999985024333,
        "normal_count": 65.0,
        "anomaly_count": 50.0
    },
    "viaduct_28 key": {
        "image_auroc": 0.675599992275238,
        "pixel_ap": 0.014999999664723873,
        "normal_count": 90.0,
        "anomaly_count": 30.0
    },