{
    "continual_ad_Energy-bar": {
        "image_auroc": 0.453000009059906,
        "pixel_ap": 0.08290000259876251,
        "normal_count": 329.0,
        "anomaly_count": 542.0
    },
    "continual_ad_Apple": {
        "image_auroc": 0.4747999906539917,
        "pixel_ap": 0.03539999946951866,
        "normal_count": 490.0,
        "anomaly_count": 502.0
    },
    "continual_ad_Kleenex": {
        "image_auroc": 0.4154999852180481,
        "pixel_ap": 0.027799999341368675,
        "normal_count": 480.0,
        "anomaly_count": 519.0
    },
    "continual_ad_Ruler": {
        "image_auroc": 0.7196999788284302,
        "pixel_ap": 0.003100000089034438,
        "normal_count": 277.0,
        "anomaly_count": 490.0
    },
    "continual_ad_Toothpaste": {
        "image_auroc": 0.6452999711036682,
        "pixel_ap": 0.007499999832361937,
        "normal_count": 513.0,
        "anomaly_count": 516.0
    },
    "continual_ad_Sunglasses": {
        "image_auroc": 0.5171999931335449,
        "pixel_ap": 0.03020000085234642,
        "normal_count": 499.0,
        "anomaly_count": 572.0
    },
    "continual_ad_Capsule": {
        "image_auroc": 0.4237000048160553,
        "pixel_ap": 0.0020000000949949026,
        "normal_count": 507.0,
        "anomaly_count": 493.0
    },
    "continual_ad_Flash-drive": {
        "image_auroc": 0.7462000250816345,
        "pixel_ap": 0.01860000006854534,
        "normal_count": 522.0,
        "anomaly_count": 495.0
    },
    "continual_ad_Band-aid": {
        "image_auroc": 0.5213000178337097,
        "pixel_ap": 0.00570000009611249,
        "normal_count": 511.0,
        "anomaly_count": 491.0
    },
    "continual_ad_Cucumber": {
        "image_auroc": 0.573199987411499,
        "pixel_ap": 0.014999999664723873,
        "normal_count": 505.0,
        "anomaly_count": 507.0
    },
    "continual_ad_Toothbrush": {
        "image_auroc": 0.628600001335144,
        "pixel_ap": 0.006599999964237213,
        "normal_count": 500.0,
        "anomaly_count": 549.0
    },
    "continual_ad_Soap": {
        "image_auroc": 0.41499999165534973,
        "pixel_ap": 0.011699999682605267,
        "normal_count": 394.0,
        "anomaly_count": 787.0
    },
    "continual_ad_Dollar": {
        "image_auroc": 0.5694000124931335,
        "pixel_ap": 0.018400000408291817,
        "normal_count": 391.0,
        "anomaly_count": 494.0
    },
    "continual_ad_Pencil": {
        "image_auroc": 0.47450000047683716,
        "pixel_ap": 0.0024999999441206455,
        "normal_count": 518.0,
        "anomaly_count": 517.0
    },
    "continual_ad_Fork": {
        "image_auroc": 0.4366999864578247,
        "pixel_ap": 0.00800000037997961,
        "normal_count": 537.0,
        "anomaly_count": 507.0
    },
    "continual_ad_Toy": {
        "image_auroc": 0.7408999800682068,
        "pixel_ap": 0.007000000216066837,
        "normal_count": 368.0,
        "anomaly_count": 492.0
    },
    "continual_ad_Multi-pen": {
        "image_auroc": 0.48410001397132874,
        "pixel_ap": 0.005100000184029341,
        "normal_count": 494.0,
        "anomaly_count": 492.0
    },
    "continual_ad_Chopsticks": {
        "image_auroc": 0.3939000070095062,
        "pixel_ap": 0.00930000003427267,
        "normal_count": 488.0,
        "anomaly_count": 524.0
    },
    "mvtec_leather": {
        "image_auroc": 0.847599983215332,
        "pixel_ap": 0.008299999870359898,
        "normal_count": 32.0,
        "anomaly_count": 82.0
    },
    "mvtec_hazelnut": {
        "image_auroc": 0.5099999904632568,
        "pixel_ap": 0.017799999564886093,
        "normal_count": 40.0,
        "anomaly_count": 60.0
    },
    "mvtec_pill": {
        "image_auroc": 0.5727999806404114,
        "pixel_ap": 0.025800000876188278,
        "normal_count": 26.0,
        "anomaly_count": 131.0
    },
    "mvtec_wood": {
        "image_auroc": 0.7084000110626221,
        "pixel_ap": 0.10580000281333923,
        "normal_count": 19.0,
        "anomaly_count": 50.0
    },
    "mvtec_screw": {
        "image_auroc": 0.5012000203132629,
        "pixel_ap": 0.006899999920278788,
        "normal_count": 41.0,
        "anomaly_count": 109.0
    },
    "mvtec_zipper": {
        "image_auroc": 0.6877999901771545,
        "pixel_ap": 0.03009999915957451,
        "normal_count": 32.0,
        "anomaly_count": 109.0
    },
    "mvtec_grid": {
        "image_auroc": 0.7081999778747559,
        "pixel_ap": 0.03720000013709068,
        "normal_count": 21.0,
        "anomaly_count": 47.0
    },
    "mvtec_metal_nut": {
        "image_auroc": 0.28040000796318054,
        "pixel_ap": 0.0982000008225441,
        "normal_count": 22.0,
        "anomaly_count": 83.0
    },
    "mvtec_bottle": {
        "image_auroc": 0.42170000076293945,
        "pixel_ap": 0.08340000361204147,
        "normal_count": 20.0,
        "anomaly_count": 53.0
    },
    "visa_pcb4": {
        "image_auroc": 0.3880999982357025,
        "pixel_ap": 0.006800000090152025,
        "normal_count": 101.0,
        "anomaly_count": 90.0
    },
    "visa_candle": {
        "image_auroc": 0.5706999897956848,
        "pixel_ap": 0.0020000000949949026,
        "normal_count": 100.0,
        "anomaly_count": 90.0
    },
    "visa_pipe_fryum": {
        "image_auroc": 0.5356000065803528,
        "pixel_ap": 0.012400000356137753,
        "normal_count": 50.0,
        "anomaly_count": 90.0
    },
    "visa_cashew": {
        "image_auroc": 0.4293000102043152,
        "pixel_ap": 0.03530000150203705,
        "normal_count": 50.0,
        "anomaly_count": 90.0
    },
    "visa_chewinggum": {
        "image_auroc": 0.3993000090122223,
        "pixel_ap": 0.00559999980032444,
        "normal_count": 50.0,
        "anomaly_count": 90.0
    },
    "visa_pcb1": {
        "image_auroc": 0.47690001130104065,
        "pixel_ap": 0.0052999998442828655,
        "normal_count": 100.0,
        "anomaly_count": 90.0
    },
    "visa_macaroni2": {
        "image_auroc": 0.5049999952316284,
        "pixel_ap": 0.0012000000569969416,
        "normal_count": 100.0,
        "anomaly_count": 90.0
    },
    "viaduct_10 PCB": {
        "image_auroc": 0.4871000051498413,
        "pixel_ap": 0.0019000000320374966,
        "normal_count": 50.0,
        "anomaly_count": 45.0
    },
    "viaduct_43 paperclip": {
        "image_auroc": 0.460999995470047,
        "pixel_ap": 0.014999999664723873,
        "normal_count": 110.0,
        "anomaly_count": 63.0
    },
    "viaduct_37 retractor": {
        "image_auroc": 0.5282999873161316,
        "pixel_ap": 0.009200000204145908,
        "normal_count": 180.0,
        "anomaly_count": 65.0
    },
    "viaduct_44 tack": {
        "image_auroc": 0.4625000059604645,
        "pixel_ap": 0.008899999782443047,
        "normal_count": 160.0,
        "anomaly_count": 137.0
    },
    "viaduct_39 self-tapping bolt": {
        "image_auroc": 0.5256999731063843,
        "pixel_ap": 0.018400000408291817,
        "normal_count": 140.0,
        "anomaly_count": 140.0
    },
    "viaduct_12 rotary encoder": {
        "image_auroc": 0.5705000162124634,
        "pixel_ap": 0.003800000064074993,
        "normal_count": 50.0,
        "anomaly_count": 19.0
    },
    "viaduct_06 coaxial t-adapter": {
        "image_auroc": 0.3612000048160553,
        "pixel_ap": 0.004800000227987766,
        "normal_count": 105.0,
        "anomaly_count": 14.0
    },
    "viaduct_19 strawberry": {
        "image_auroc": 0.35899999737739563,
        "pixel_ap": 0.11479999870061874,
        "normal_count": 175.0,
        "anomaly_count": 135.0
    },
    "viaduct_15 terminal block B": {
        "image_auroc": 0.5027999877929688,
        "pixel_ap": 0.0027000000700354576,
        "normal_count": 65.0,
        "anomaly_count": 50.0
    },
    "viaduct_28 key": {
        "image_auroc": 0.5651999711990356,
        "pixel_ap": 0.0215000007301569,
        "normal_count": 90.0,
        "anomaly_count": 30.0
    },